"id","zip_code","city","id_county"
"1","8128","Aba","7"
"2","8127","Aba","7"
"3","5241","Abádszalók","11"
"4","7678","Abaliget","2"
"5","3261","Abasár","10"
"6","3882","Abaújalpár","4"
"7","3882","Abaújkér","4"
"8","3815","Abaújlak","4"
"9","3881","Abaújszántó","4"
"10","3809","Abaújszolnok","4"
"11","3898","Abaújvár","4"
"12","9151","Abda","8"
"13","3753","Abod","4"
"14","2740","Abony","14"
"15","8256","Ábrahámhegy","19"
"16","2941","Ács","12"
"17","2683","Acsa","14"
"18","9746","Acsád","18"
"19","9168","Acsalag","8"
"20","2887","Ácsteszér","12"
"21","3292","Adács","10"
"22","8653","Ádánd","15"
"23","8561","Adásztevel","19"
"24","2457","Adony","7"
"25","8497","Adorjánháza","19"
"26","7841","Adorjás","2"
"27","7381","Ág","2"
"28","6076","Ágasegyháza","1"
"29","9423","Ágfalva","8"
"30","3759","Aggtelek","4"
"31","9441","Agyagosszergény","8"
"32","4524","Ajak","16"
"33","8447","Ajka","19"
"34","8448","Ajka","19"
"35","8451","Ajka","19"
"36","8400","Ajka","19"
"37","2862","Aka","12"
"38","6221","Akasztó","1"
"39","3779","Alacska","4"
"40","7011","Alap","7"
"41","5142","Alattyán","11"
"42","2730","Albertirsa","14"
"43","8087","Alcsútdoboz","7"
"44","3353","Aldebrő","10"
"45","6750","Algyő","6"
"46","8921","Alibánfa","20"
"47","7934","Almamellék","2"
"48","2931","Almásfüzitő","12"
"49","8935","Almásháza","20"
"50","5747","Almáskamarás","3"
"51","7932","Almáskeresztúr","2"
"52","4285","Álmosd","9"
"53","3985","Alsóberecki","4"
"54","7443","Alsóbogát","15"
"55","3717","Alsódobsza","4"
"56","3837","Alsógagy","4"
"57","7345","Alsómocsolád","2"
"58","7147","Alsónána","17"
"59","2351","Alsónémedi","14"
"60","8924","Alsónemesapáti","20"
"61","7148","Alsónyék","17"
"62","8226","Alsóörs","19"
"63","8394","Alsópáhok","20"
"64","2617","Alsópetény","13"
"65","8767","Alsórajk","20"
"66","3989","Alsóregmec","4"
"67","8973","Alsószenterzsébet","20"
"68","7012","Alsószentiván","7"
"69","7826","Alsószentmárton","2"
"70","9983","Alsószölnök","18"
"71","3726","Alsószuha","4"
"72","3735","Alsótelekes","4"
"73","3069","Alsótold","13"
"74","9842","Alsóújlak","18"
"75","3811","Alsóvadász","4"
"76","3571","Alsózsolca","4"
"77","6916","Ambrózfalva","6"
"78","4546","Anarcs","16"
"79","8675","Andocs","15"
"80","3399","Andornaktálya","10"
"81","9811","Andrásfa","18"
"82","2529","Annavölgy","12"
"83","8477","Apácatorna","19"
"84","4553","Apagy","16"
"85","2345","Apaj","14"
"86","7186","Aparhant","17"
"87","6931","Apátfalva","6"
"88","9982","Apátistvánfalva","18"
"89","7720","Apátvarasd","2"
"90","3032","Apc","10"
"91","2338","Áporka","14"
"92","6088","Apostag","1"
"93","4634","Aranyosapáti","16"
"94","7671","Aranyosgadány","2"
"95","3885","Arka","4"
"96","3663","Arló","4"
"97","3713","Arnót","4"
"98","3467","Ároktő","4"
"99","6623","Árpádhalom","6"
"100","9132","Árpás","8"
"101","4115","Ártánd","9"
"102","6783","Ásotthalom","6"
"103","9177","Ásványráró","8"
"104","3841","Aszaló","4"
"105","2170","Aszód","14"
"106","8241","Aszófő","19"
"107","7763","Áta","2"
"108","3371","Átány","10"
"109","3213","Atkár","10"
"110","7252","Attala","17"
"111","7757","Babarc","2"
"112","7814","Babarcszőlős","2"
"113","7584","Babócsa","15"
"114","2943","Bábolna","12"
"115","8658","Bábonymegyer","15"
"116","8983","Babosdöbréte","20"
"117","9351","Babót","8"
"118","6430","Bácsalmás","1"
"119","6453","Bácsbokod","1"
"120","6454","Bácsborsód","1"
"121","6511","Bácsszentgyörgy","1"
"122","6425","Bácsszőlős","1"
"123","8261","Badacsonytomaj","19"
"124","8257","Badacsonytomaj","19"
"125","8258","Badacsonytomaj","19"
"126","8262","Badacsonytördemic","19"
"127","8263","Badacsonytördemic","19"
"128","2191","Bag","14"
"129","4286","Bagamér","9"
"130","8977","Baglad","20"
"131","8992","Bagod","20"
"132","9145","Bágyogszovát","8"
"133","2836","Baj","12"
"134","6503","Baja","1"
"135","6500","Baja","1"
"136","9944","Bajánsenye","18"
"137","2525","Bajna","12"
"138","2533","Bajót","12"
"139","8945","Bak","20"
"140","7585","Bakháza","15"
"141","7393","Bakóca","2"
"142","4164","Bakonszeg","9"
"143","7675","Bakonya","2"
"144","2885","Bakonybánk","12"
"145","8427","Bakonybél","19"
"146","8056","Bakonycsernye","7"
"147","8433","Bakonygyirót","19"
"148","8581","Bakonyjákó","19"
"149","8571","Bakonykoppány","19"
"150","8045","Bakonykúti","7"
"151","8422","Bakonynána","19"
"152","8418","Bakonyoszlop","19"
"153","9088","Bakonypéterd","8"
"154","8457","Bakonypölöske","19"
"155","8557","Bakonyság","19"
"156","2861","Bakonysárkány","12"
"157","8557","Bakonyszentiván","19"
"158","8430","Bakonyszentkirály","19"
"159","8431","Bakonyszentlászló","19"
"160","2884","Bakonyszombathely","12"
"161","8572","Bakonyszücs","19"
"162","8555","Bakonytamási","19"
"163","6768","Baks","6"
"164","7834","Baksa","2"
"165","3836","Baktakék","4"
"166","4561","Baktalórántháza","16"
"167","8946","Baktüttös","20"
"168","3780","Balajt","4"
"169","2660","Balassagyarmat","13"
"170","6764","Balástya","6"
"171","3347","Balaton","10"
"172","8243","Balatonakali","19"
"173","8220","Balatonalmádi","19"
"174","8649","Balatonberény","15"
"175","8691","Balatonboglár","15"
"176","8630","Balatonboglár","15"
"177","8272","Balatoncsicsó","19"
"178","8312","Balatonederics","19"
"179","8613","Balatonendréd","15"
"180","8646","Balatonfenyves","15"
"181","8164","Balatonfőkajár","19"
"182","8623","Balatonföldvár","15"
"183","8236","Balatonfüred","19"
"184","8230","Balatonfüred","19"
"185","8184","Balatonfűzfő","19"
"186","8175","Balatonfűzfő","19"
"187","8313","Balatongyörök","20"
"188","8275","Balatonhenye","19"
"189","8172","Balatonkenese","19"
"190","8174","Balatonkenese","19"
"191","8648","Balatonkeresztúr","15"
"192","8638","Balatonlelle","15"
"193","8753","Balatonmagyaród","20"
"194","8647","Balatonmáriafürdő","15"
"195","8637","Balatonőszöd","15"
"196","8255","Balatonrendes","19"
"197","8651","Balatonszabadi","15"
"198","8624","Balatonszárszó","15"
"199","8636","Balatonszemes","15"
"200","8710","Balatonszentgyörgy","15"
"201","8252","Balatonszepezd","19"
"202","8233","Balatonszőlős","19"
"203","8242","Balatonudvari","19"
"204","8712","Balatonújlak","15"
"205","8171","Balatonvilágos","19"
"206","8054","Balinka","7"
"207","8055","Balinka","7"
"208","4233","Balkány","16"
"209","6035","Ballószög","1"
"210","4060","Balmazújváros","9"
"211","9771","Balogunyom","18"
"212","6412","Balotaszállás","1"
"213","4468","Balsa","16"
"214","8614","Bálványos","15"
"215","2944","Bana","12"
"216","8443","Bánd","19"
"217","7914","Bánfa","2"
"218","3642","Bánhorváti","4"
"219","2653","Bánk","13"
"220","8891","Bánokszentgyörgy","20"
"221","3654","Bánréve","4"
"222","7711","Bár","2"
"223","4937","Barabás","16"
"224","2427","Baracs","7"
"225","2426","Baracs","7"
"226","2471","Baracska","7"
"227","4161","Báránd","9"
"228","7841","Baranyahidvég","2"
"229","7384","Baranyajenő","2"
"230","7383","Baranyaszentgyörgy","2"
"231","9169","Barbacs","8"
"232","7557","Barcs","15"
"233","7570","Barcs","15"
"234","7478","Bárdudvarnok","15"
"235","8948","Barlahida","20"
"236","3126","Bárna","13"
"237","8291","Barnag","19"
"238","2883","Bársonyos","12"
"239","7923","Basal","2"
"240","3881","Baskó","4"
"241","7149","Báta","17"
"242","7164","Bátaapáti","17"
"243","7140","Bátaszék","17"
"244","7258","Baté","15"
"245","6528","Bátmonostor","1"
"246","3078","Bátonyterenye","13"
"247","3070","Bátonyterenye","13"
"248","3151","Bátonyterenye","13"
"249","3336","Bátor","10"
"250","4343","Bátorliget","16"
"251","5830","Battonya","3"
"252","6351","Bátya","1"
"253","8797","Batyk","20"
"254","8887","Bázakerettye","20"
"255","8352","Bazsi","19"
"256","8565","Béb","19"
"257","8866","Becsehely","20"
"258","2693","Becske","13"
"259","3768","Becskeháza","4"
"260","8985","Becsvölgye","20"
"261","8666","Bedegkér","15"
"262","4128","Bedő","9"
"263","9683","Bejcgyertyános","18"
"264","8515","Békás","19"
"265","3903","Bekecs","4"
"266","5630","Békés","3"
"267","5623","Békéscsaba","3"
"268","5671","Békéscsaba","3"
"269","5600","Békéscsaba","3"
"270","5946","Békéssámson","3"
"271","5561","Békésszentandrás","3"
"272","3343","Bekölce","10"
"273","3346","Bélapátfalva","10"
"274","7589","Bélavár","15"
"275","7061","Belecska","17"
"276","9343","Beled","8"
"277","7543","Beleg","15"
"278","8855","Belezna","20"
"279","5643","Bélmegyer","3"
"280","2455","Beloiannisz","7"
"281","8978","Belsősárd","20"
"282","7747","Belvárdgyula","2"
"283","4643","Benk","16"
"284","2216","Bénye","14"
"285","3045","Bér","13"
"286","9831","Bérbaltavár","18"
"287","2687","Bercel","13"
"288","4934","Beregdaróc","16"
"289","4933","Beregsurány","16"
"290","4116","Berekböszörmény","9"
"291","5309","Berekfürdő","11"
"292","7827","Beremend","2"
"293","3704","Berente","4"
"294","3834","Beret","4"
"295","4103","Berettyóújfalu","9"
"296","4100","Berettyóújfalu","9"
"297","8182","Berhida","19"
"298","8181","Berhida","19"
"299","2641","Berkenye","13"
"300","7664","Berkesd","2"
"301","4521","Berkesz","16"
"302","2639","Bernecebaráti","14"
"303","3575","Berzék","4"
"304","7516","Berzence","15"
"305","7838","Besence","2"
"306","4557","Besenyőd","16"
"307","3373","Besenyőtelek","10"
"308","5071","Besenyszög","11"
"309","2456","Besnyő","7"
"310","4488","Beszterec","16"
"311","7782","Bezedek","2"
"312","9223","Bezenye","8"
"313","8934","Bezeréd","20"
"314","9162","Bezi","8"
"315","2051","Biatorbágy","14"
"316","7671","Bicsérd","2"
"317","2060","Bicske","7"
"318","4175","Bihardancsháza","9"
"319","4110","Biharkeresztes","9"
"320","4172","Biharnagybajom","9"
"321","4174","Bihartorda","9"
"322","5538","Biharugra","3"
"323","7043","Bikács","17"
"324","7346","Bikal","2"
"325","4235","Biri","16"
"326","7747","Birján","2"
"327","7811","Bisse","2"
"328","9625","Bő","18"
"329","9542","Boba","20"
"330","8943","Bocfölde","10"
"331","3368","Boconád","1"
"332","3574","Bőcs","20"
"333","6235","Bócsa","9"
"334","8776","Bocska","2"
"335","4241","Bocskaikert","7"
"336","7672","Boda","7"
"337","8053","Bodajk","2"
"338","8991","Böde","8"
"339","8969","Bödeháza","10"
"340","8085","Bodmér","19"
"341","7394","Bodolyabér","15"
"342","9134","Bodonhely","4"
"343","3243","Bodony","4"
"344","8471","Bodorfa","4"
"345","7439","Bodrog","4"
"346","3987","Bodroghalom","4"
"347","3916","Bodrogkeresztúr","4"
"348","3917","Bodrogkisfalud","4"
"349","3943","Bodrogolaszi","4"
"350","3768","Bódvalenke","2"
"351","3764","Bódvarákó","2"
"352","3763","Bódvaszilas","2"
"353","3412","Bogács","17"
"354","7742","Bogád","8"
"355","7836","Bogádmindszent","9"
"356","7966","Bogdása","20"
"357","9612","Bögöt","12"
"358","9675","Bögöte","13"
"359","7132","Bogyiszló","10"
"360","9324","Bogyoszló","2"
"361","8719","Böhönye","4"
"362","4114","Bojt","4"
"363","8741","Bókaháza","4"
"364","2855","Bokod","15"
"365","4231","Bököny","15"
"366","3066","Bokor","2"
"367","7025","Bölcske","20"
"368","3016","Boldog","15"
"369","7937","Boldogasszonyfa","17"
"370","3884","Boldogkőújfalu","17"
"371","3885","Boldogkőváralja","17"
"372","3794","Boldva","6"
"373","7517","Bolhás","18"
"374","7586","Bolhó","2"
"375","7754","Bóly","1"
"376","8992","Boncodfölde","20"
"377","7281","Bonnya","4"
"378","9073","Bőny","4"
"379","7187","Bonyhád","4"
"380","7150","Bonyhád","4"
"381","7158","Bonyhádvarasd","4"
"382","9152","Börcs","4"
"383","6795","Bordány","4"
"384","9554","Borgáta","13"
"385","7756","Borjád","19"
"386","6445","Borota","19"
"387","8885","Borsfa","2"
"388","3658","Borsodbóta","16"
"389","3426","Borsodgeszt","2"
"390","3462","Borsodivánka","18"
"391","3672","Borsodnádasd","18"
"392","3671","Borsodnádasd","4"
"393","3623","Borsodszentgyörgy","18"
"394","3796","Borsodszirák","4"
"395","2644","Borsosberény","20"
"396","8479","Borszörcsök","20"
"397","8428","Borzavár","18"
"398","8772","Börzönce","18"
"399","9167","Bősárkány","15"
"400","7811","Bosta","16"
"401","7475","Bőszénfa","17"
"402","4955","Botpalád","8"
"403","7900","Botykapeterd","8"
"404","9727","Bozsok","20"
"405","3994","Bózsva","8"
"406","9752","Bozzai","15"
"407","5527","Bucsa","3"
"408","9792","Bucsu","18"
"409","8925","Bucsuszentlászló","20"
"410","8893","Bucsuta","20"
"411","2093","Budajenő","14"
"412","2011","Budakalász","14"
"413","2092","Budakeszi","14"
"414","2040","Budaörs","14"
"415","1069","Budapest","5"
"416","1011","Budapest","5"
"417","1012","Budapest","5"
"418","1013","Budapest","5"
"419","1014","Budapest","5"
"420","1015","Budapest","5"
"421","1016","Budapest","5"
"422","1021","Budapest","5"
"423","1022","Budapest","5"
"424","1023","Budapest","5"
"425","1024","Budapest","5"
"426","1025","Budapest","5"
"427","1026","Budapest","5"
"428","1027","Budapest","5"
"429","1028","Budapest","5"
"430","1029","Budapest","5"
"431","1031","Budapest","5"
"432","1032","Budapest","5"
"433","1033","Budapest","5"
"434","1034","Budapest","5"
"435","1035","Budapest","5"
"436","1036","Budapest","5"
"437","1037","Budapest","5"
"438","1038","Budapest","5"
"439","1039","Budapest","5"
"440","1041","Budapest","5"
"441","1042","Budapest","5"
"442","1043","Budapest","5"
"443","1044","Budapest","5"
"444","1045","Budapest","5"
"445","1046","Budapest","5"
"446","1047","Budapest","5"
"447","1048","Budapest","5"
"448","1051","Budapest","5"
"449","1052","Budapest","5"
"450","1053","Budapest","5"
"451","1054","Budapest","5"
"452","1055","Budapest","5"
"453","1056","Budapest","5"
"454","1061","Budapest","5"
"455","1062","Budapest","5"
"456","1063","Budapest","5"
"457","1064","Budapest","5"
"458","1065","Budapest","5"
"459","1066","Budapest","5"
"460","1067","Budapest","5"
"461","1068","Budapest","5"
"462","1071","Budapest","5"
"463","1072","Budapest","5"
"464","1073","Budapest","5"
"465","1074","Budapest","5"
"466","1075","Budapest","5"
"467","1076","Budapest","5"
"468","1077","Budapest","5"
"469","1078","Budapest","5"
"470","1081","Budapest","5"
"471","1082","Budapest","5"
"472","1083","Budapest","5"
"473","1084","Budapest","5"
"474","1085","Budapest","5"
"475","1086","Budapest","5"
"476","1087","Budapest","5"
"477","1088","Budapest","5"
"478","1089","Budapest","5"
"479","1091","Budapest","5"
"480","1092","Budapest","5"
"481","1093","Budapest","5"
"482","1094","Budapest","5"
"483","1095","Budapest","5"
"484","1096","Budapest","5"
"485","1097","Budapest","5"
"486","1098","Budapest","5"
"487","1101","Budapest","5"
"488","1102","Budapest","5"
"489","1103","Budapest","5"
"490","1104","Budapest","5"
"491","1105","Budapest","5"
"492","1106","Budapest","5"
"493","1107","Budapest","5"
"494","1108","Budapest","5"
"495","1111","Budapest","5"
"496","1112","Budapest","5"
"497","1113","Budapest","5"
"498","1114","Budapest","5"
"499","1115","Budapest","5"
"500","1116","Budapest","5"
"501","1117","Budapest","5"
"502","1118","Budapest","5"
"503","1119","Budapest","5"
"504","1121","Budapest","5"
"505","1122","Budapest","5"
"506","1123","Budapest","5"
"507","1124","Budapest","5"
"508","1125","Budapest","5"
"509","1126","Budapest","5"
"510","1131","Budapest","5"
"511","1132","Budapest","5"
"512","1133","Budapest","5"
"513","1134","Budapest","5"
"514","1135","Budapest","5"
"515","1136","Budapest","5"
"516","1137","Budapest","5"
"517","1138","Budapest","5"
"518","1139","Budapest","5"
"519","1141","Budapest","5"
"520","1142","Budapest","5"
"521","1143","Budapest","5"
"522","1144","Budapest","5"
"523","1145","Budapest","5"
"524","1146","Budapest","5"
"525","1147","Budapest","5"
"526","1148","Budapest","5"
"527","1149","Budapest","5"
"528","1151","Budapest","5"
"529","1152","Budapest","5"
"530","1153","Budapest","5"
"531","1154","Budapest","5"
"532","1155","Budapest","5"
"533","1156","Budapest","5"
"534","1157","Budapest","5"
"535","1158","Budapest","5"
"536","1161","Budapest","5"
"537","1162","Budapest","5"
"538","1163","Budapest","5"
"539","1164","Budapest","5"
"540","1165","Budapest","5"
"541","1171","Budapest","5"
"542","1172","Budapest","5"
"543","1173","Budapest","5"
"544","1174","Budapest","5"
"545","1181","Budapest","5"
"546","1182","Budapest","5"
"547","1183","Budapest","5"
"548","1184","Budapest","5"
"549","1185","Budapest","5"
"550","1186","Budapest","5"
"551","1188","Budapest","5"
"552","1191","Budapest","5"
"553","1192","Budapest","5"
"554","1193","Budapest","5"
"555","1194","Budapest","5"
"556","1195","Budapest","5"
"557","1196","Budapest","5"
"558","1201","Budapest","5"
"559","1202","Budapest","5"
"560","1203","Budapest","5"
"561","1204","Budapest","5"
"562","1205","Budapest","5"
"563","1211","Budapest","5"
"564","1212","Budapest","5"
"565","1213","Budapest","5"
"566","1214","Budapest","5"
"567","1215","Budapest","5"
"568","1221","Budapest","5"
"569","1222","Budapest","5"
"570","1223","Budapest","5"
"571","1224","Budapest","5"
"572","1225","Budapest","5"
"573","1237","Budapest","5"
"574","1238","Budapest","5"
"575","1239","Budapest","5"
"576","1529","Budapest","5"
"577","6114","Bugac","1"
"578","6114","Bugacpusztaháza","1"
"579","2347","Bugyi","14"
"580","4483","Buj","16"
"581","3047","Buják","13"
"582","9740","Bük","15"
"583","9737","Bük","18"
"584","3422","Bükkábrány","18"
"585","3554","Bükkaranyos","4"
"586","3648","Bükkmogyorósd","4"
"587","7682","Bükkösd","4"
"588","3335","Bükkszék","2"
"589","3257","Bükkszenterzsébet","10"
"590","3557","Bükkszentkereszt","10"
"591","3346","Bükkszentmárton","4"
"592","3414","Bükkzsérc","10"
"593","7973","Bürüs","4"
"594","7273","Büssü","2"
"595","3821","Büttös","15"
"596","8695","Buzsák","4"
"597","9725","Cák","18"
"598","9165","Cakóháza","8"
"599","7013","Cece","7"
"600","4732","Cégénydányád","16"
"601","2738","Cegléd","14"
"602","2700","Cegléd","14"
"603","2737","Ceglédbercel","14"
"604","9541","Celldömölk","18"
"605","9500","Celldömölk","18"
"606","3123","Cered","13"
"607","9624","Chernelházadamonya","18"
"608","5462","Cibakháza","11"
"609","3973","Cigánd","4"
"610","7161","Cikó","17"
"611","9364","Cirák","8"
"612","5551","Csabacsőd","3"
"613","5609","Csabaszabadi","3"
"614","2064","Csabdi","7"
"615","8474","Csabrendek","19"
"616","9375","Csáfordjánosfa","8"
"617","4967","Csaholc","16"
"618","8163","Csajág","19"
"619","8735","Csákány","15"
"620","9919","Csákánydoroszló","18"
"621","8073","Csákberény","7"
"622","8083","Csákvár","7"
"623","6915","Csanádalberti","6"
"624","5662","Csanádapáca","3"
"625","6913","Csanádpalota","6"
"626","9654","Csánig","18"
"627","3015","Csány","10"
"628","7964","Csányoszró","2"
"629","6647","Csanytelek","6"
"630","8756","Csapi","20"
"631","9372","Csapod","8"
"632","5621","Csárdaszállás","3"
"633","7811","Csarnóta","2"
"634","4844","Csaroda","16"
"635","2858","Császár","12"
"636","6239","Császártöltés","1"
"637","4973","Császló","16"
"638","6523","Csátalja","1"
"639","8943","Csatár","20"
"640","5064","Csataszög","11"
"641","2888","Csatka","12"
"642","6448","Csávoly","1"
"643","7935","Csebény","2"
"644","3052","Csécse","13"
"645","4742","Csegöld","16"
"646","8445","Csehbánya","19"
"647","9833","Csehi","18"
"648","9834","Csehimindszent","18"
"649","2949","Csém","12"
"650","2713","Csemő","14"
"651","9764","Csempeszkopács","18"
"652","6765","Csengele","6"
"653","4765","Csenger","16"
"654","4743","Csengersima","16"
"655","4764","Csengerújfalu","16"
"656","6222","Csengőd","1"
"657","9611","Csénye","18"
"658","3837","Csenyéte","4"
"659","2946","Csép","12"
"660","5475","Csépa","11"
"661","9735","Csepreg","18"
"662","9375","Csér","8"
"663","7683","Cserdi","2"
"664","7472","Cserénfa","15"
"665","3413","Cserépfalu","4"
"666","3417","Cserépváralja","4"
"667","2694","Cserháthaláp","13"
"668","2676","Cserhátsurány","13"
"669","3066","Cserhátszentiván","13"
"670","5465","Cserkeszőlő","11"
"671","7673","Cserkút","2"
"672","3648","Csernely","4"
"673","8372","Cserszegtomaj","20"
"674","8951","Csertalakos","20"
"675","7900","Csertő","2"
"676","8419","Csesznek","19"
"677","8973","Csesztreg","20"
"678","2678","Csesztve","13"
"679","8417","Csetény","19"
"680","2212","Csévharaszt","14"
"681","7225","Csibrák","17"
"682","6424","Csikéria","1"
"683","7341","Csikóstőttős","17"
"684","9127","Csikvánd","8"
"685","3442","Csincse","4"
"686","9836","Csipkerek","18"
"687","2673","Csitár","13"
"688","3848","Csobád","4"
"689","3927","Csobaj","4"
"690","2014","Csobánka","14"
"691","8999","Csöde","7"
"692","8495","Csögle","15"
"693","8074","Csókakő","4"
"694","4145","Csökmő","12"
"695","7526","Csököly","1"
"696","7555","Csokonyavisonta","15"
"697","3647","Csokvaomány","14"
"698","2521","Csolnok","15"
"699","6135","Csólyospálos","6"
"700","7253","Csoma","6"
"701","2161","Csomád","20"
"702","7432","Csombárd","2"
"703","8700","Csömend","19"
"704","8957","Csömödér","7"
"705","2141","Csömör","8"
"706","9513","Csönge","3"
"707","6648","Csongrád","19"
"708","6640","Csongrád","20"
"709","8918","Csonkahegyhát","19"
"710","7940","Csonkamindszent","9"
"711","8229","Csopak","15"
"712","8041","Csór","15"
"713","9300","Csorna","20"
"714","8873","Csörnyeföld","14"
"715","9962","Csörötnek","18"
"716","5920","Csorvás","20"
"717","8122","Csősz","18"
"718","8558","Csót","7"
"719","2615","Csővár","14"
"720","8840","Csurgó","15"
"721","8840","Csurgónagymarton","15"
"722","7843","Cún","2"
"723","2373","Dabas","14"
"724","2371","Dabas","14"
"725","2370","Dabas","14"
"726","8345","Dabronc","19"
"727","8485","Dabrony","19"
"728","2854","Dad","12"
"729","2522","Dág","12"
"730","8592","Dáka","19"
"731","7211","Dalmand","17"
"732","3780","Damak","4"
"733","3978","Dámóc","4"
"734","2735","Dánszentmiklós","14"
"735","2118","Dány","14"
"736","9917","Daraboshegy","18"
"737","7988","Darány","15"
"738","4737","Darnó","16"
"739","9232","Darnózseli","8"
"740","4144","Darvas","9"
"741","6524","Dávod","1"
"742","2694","Debercsény","13"
"743","4079","Debrecen","9"
"744","4078","Debrecen","9"
"745","4225","Debrecen","9"
"746","4063","Debrecen","9"
"747","4000","Debrecen","9"
"748","4002","Debrecen","9"
"749","4024","Debrecen","9"
"750","4025","Debrecen","9"
"751","4026","Debrecen","9"
"752","4027","Debrecen","9"
"753","4028","Debrecen","9"
"754","4029","Debrecen","9"
"755","4030","Debrecen","9"
"756","4031","Debrecen","9"
"757","4032","Debrecen","9"
"758","4033","Debrecen","9"
"759","4034","Debrecen","9"
"760","3825","Debréte","4"
"761","7144","Decs","17"
"762","3643","Dédestapolcsány","4"
"763","8135","Dég","7"
"764","2649","Dejtár","13"
"765","2337","Délegyháza","14"
"766","4516","Demecser","16"
"767","3395","Demjén","10"
"768","7915","Dencsháza","2"
"769","9365","Dénesfa","8"
"770","4130","Derecske","9"
"771","6621","Derekegyház","6"
"772","6772","Deszk","6"
"773","3834","Detek","4"
"774","3275","Detk","10"
"775","5510","Dévaványa","3"
"776","8460","Devecser","19"
"777","7683","Dinnyeberki","2"
"778","7072","Diósberény","17"
"779","2049","Diósd","14"
"780","2643","Diósjenő","13"
"781","8764","Dióskál","20"
"782","7817","Diósviszló","2"
"783","8482","Doba","19"
"784","9914","Döbörhegy","3"
"785","5624","Doboz","20"
"786","8874","Dobri","20"
"787","8357","Döbröce","6"
"788","7228","Döbrököz","4"
"789","8989","Dobronhegy","6"
"790","8597","Döbrönte","3"
"791","6766","Dóc","3"
"792","4495","Döge","17"
"793","3627","Domaháza","16"
"794","6781","Domaszék","14"
"795","5836","Dombegyház","10"
"796","5745","Dombiratos","10"
"797","7200","Dombóvár","12"
"798","4492","Dombrád","13"
"799","2182","Domony","18"
"800","2027","Dömös","18"
"801","3263","Domoszló","20"
"802","2344","Dömsöd","17"
"803","9147","Dör","19"
"804","8244","Dörgicse","16"
"805","3374","Dormánd","12"
"806","2510","Dorog","14"
"807","3153","Dorogháza","8"
"808","9913","Döröske","19"
"809","8799","Dötk","18"
"810","3721","Dövény","20"
"811","9791","Dozmat","4"
"812","6342","Drágszél","1"
"813","7849","Drávacsehi","2"
"814","7846","Drávacsepely","2"
"815","7967","Drávafok","2"
"816","7977","Drávagárdony","15"
"817","7960","Drávaiványi","2"
"818","7967","Drávakeresztúr","2"
"819","7850","Drávapalkonya","2"
"820","7843","Drávapiski","2"
"821","7851","Drávaszabolcs","2"
"822","7847","Drávaszerdahely","2"
"823","7960","Drávasztára","2"
"824","7979","Drávatamási","15"
"825","2646","Drégelypalánk","13"
"826","3635","Dubicsány","4"
"827","8416","Dudar","19"
"828","9556","Duka","18"
"829","2545","Dunaalmás","12"
"830","2023","Dunabogdány","14"
"831","6323","Dunaegyháza","1"
"832","6513","Dunafalva","1"
"833","7020","Dunaföldvár","17"
"834","2330","Dunaharaszti","14"
"835","2120","Dunakeszi","14"
"836","9225","Dunakiliti","8"
"837","6328","Dunapataj","1"
"838","9235","Dunaremete","8"
"839","9174","Dunaszeg","8"
"840","7712","Dunaszekcső","2"
"841","6333","Dunaszentbenedek","1"
"842","7135","Dunaszentgyörgy","17"
"843","2897","Dunaszentmiklós","12"
"844","9175","Dunaszentpál","8"
"845","9226","Dunasziget","8"
"846","6325","Dunatetétlen","1"
"847","2407","Dunaújváros","7"
"848","2400","Dunaújváros","7"
"849","2336","Dunavarsány","14"
"850","6087","Dunavecse","1"
"851","6353","Dusnok","1"
"852","7224","Dúzs","17"
"853","9451","Ebergőc","8"
"854","4211","Ebes","9"
"855","9083","Écs","8"
"856","3013","Ecséd","10"
"857","3053","Ecseg","13"
"858","5515","Ecsegfalva","3"
"859","7457","Ecseny","15"
"860","2233","Ecser","14"
"861","7443","Edde","15"
"862","3783","Edelény","4"
"863","3780","Edelény","4"
"864","9343","Edve","8"
"865","3304","Eger","10"
"866","3323","Eger","10"
"867","3300","Eger","10"
"868","7763","Egerág","2"
"869","8497","Egeralja","19"
"870","8765","Egeraracsa","20"
"871","3321","Egerbakta","10"
"872","3337","Egerbocs","10"
"873","3341","Egercsehi","10"
"874","3379","Egerfarmos","10"
"875","3461","Egerlövő","4"
"876","3394","Egerszalók","10"
"877","3757","Égerszög","10"
"878","3328","Egerszólát","4"
"879","8913","Egervár","20"
"880","9684","Egervölgy","18"
"881","9314","Egyed","8"
"882","4067","Egyek","9"
"883","4069","Egyek","9"
"884","3043","Egyházasdengeleg","13"
"885","9473","Egyházasfalu","8"
"886","3185","Egyházasgerge","13"
"887","7824","Egyházasharaszti","2"
"888","9554","Egyházashetye","18"
"889","9781","Egyházashollós","18"
"890","8523","Egyházaskesző","19"
"891","7347","Egyházaskozár","2"
"892","9783","Egyházasrádóc","18"
"893","5742","Elek","3"
"894","7744","Ellend","2"
"895","2423","Előszállás","7"
"896","2424","Előszállás","7"
"897","3432","Emőd","4"
"898","3854","Encs","4"
"899","3860","Encs","4"
"900","4374","Encsencs","16"
"901","3165","Endrefalva","13"
"902","7973","Endrőc","2"
"903","9143","Enese","8"
"904","8131","Enying","7"
"905","8130","Enying","7"
"906","6624","Eperjes","6"
"907","4646","Eperjeske","16"
"908","8413","Eplény","19"
"909","2526","Epöl","12"
"910","2453","Ercsi","7"
"911","2451","Ercsi","7"
"912","2036","Érd","14"
"913","2035","Érd","14"
"914","2030","Érd","14"
"915","3932","Erdőbénye","4"
"916","3935","Erdőhorváti","4"
"917","2113","Erdőkertes","14"
"918","3252","Erdőkövesd","10"
"919","2176","Erdőkürt","13"
"920","7735","Erdősmárok","2"
"921","7723","Erdősmecske","2"
"922","2177","Erdőtarcsa","13"
"923","3358","Erdőtelek","10"
"924","3295","Erk","10"
"925","4245","Érpatak","16"
"926","6347","Érsekcsanád","1"
"927","6348","Érsekhalma","1"
"928","2659","Érsekvadkert","13"
"929","7093","Értény","17"
"930","7661","Erzsébet","2"
"931","4124","Esztár","9"
"932","8882","Eszteregnye","20"
"933","8742","Esztergályhorváti","20"
"934","2509","Esztergom","12"
"935","2500","Esztergom","12"
"936","2947","Ete","12"
"937","3136","Etes","13"
"938","2091","Etyek","7"
"939","4354","Fábiánháza","16"
"940","6625","Fábiánsebestyén","6"
"941","7136","Fácánkert","17"
"942","7139","Fadd","17"
"943","7133","Fadd","17"
"944","3865","Fáj","4"
"945","6352","Fajsz","1"
"946","3855","Fancsal","4"
"947","9321","Farád","8"
"948","8582","Farkasgyepű","19"
"949","3608","Farkaslyuk","4"
"950","2765","Farmos","14"
"951","7732","Fazekasboda","2"
"952","3255","Fedémes","10"
"953","5213","Fegyvernek","11"
"954","5231","Fegyvernek","11"
"955","4900","Fehérgyarmat","16"
"956","9163","Fehértó","8"
"957","8052","Fehérvárcsurgó","7"
"958","7724","Feked","2"
"959","9211","Feketeerdő","8"
"960","8086","Felcsút","7"
"961","3352","Feldebrő","10"
"962","6645","Felgyő","6"
"963","9122","Felpéc","8"
"964","3985","Felsőberecki","4"
"965","9794","Felsőcsatár","18"
"966","3847","Felsődobsza","4"
"967","7370","Felsőegerszeg","2"
"968","3837","Felsőgagy","4"
"969","9934","Felsőjánosfa","18"
"970","3722","Felsőkelecsény","4"
"971","6055","Felsőlajos","1"
"972","9918","Felsőmarác","18"
"973","7456","Felsőmocsolád","15"
"974","7175","Felsőnána","17"
"975","3721","Felsőnyárád","4"
"976","7099","Felsőnyék","17"
"977","8227","Felsőörs","19"
"978","8380","Felsőpáhok","20"
"979","2363","Felsőpakony","14"
"980","2611","Felsőpetény","13"
"981","8767","Felsőrajk","20"
"982","3989","Felsőregmec","4"
"983","8973","Felsőszenterzsébet","20"
"984","6447","Felsőszentiván","1"
"985","7968","Felsőszentmárton","2"
"986","9985","Felsőszölnök","18"
"987","3324","Felsőtárkány","10"
"988","3735","Felsőtelekes","4"
"989","3067","Felsőtold","13"
"990","3814","Felsővadász","4"
"991","3561","Felsőzsolca","4"
"992","4621","Fényeslitke","16"
"993","8432","Fenyőfő","19"
"994","6774","Ferencszállás","6"
"995","9493","Fertőboz","8"
"996","9433","Fertőd","8"
"997","9431","Fertőd","8"
"998","9442","Fertőendréd","8"
"999","9492","Fertőhomok","8"
"1000","9421","Fertőrákos","8"
"1001","9444","Fertőszentmiklós","8"
"1002","9436","Fertőszéplak","8"
"1003","7282","Fiad","15"
"1004","3994","Filkeháza","4"
"1005","8835","Fityeház","20"
"1006","6331","Foktő","1"
"1007","6922","Földeák","9"
"1008","4177","Földes","15"
"1009","4090","Folyás","4"
"1010","7271","Fonó","15"
"1011","3893","Fony","15"
"1012","8732","Főnyed","6"
"1013","8644","Fonyód","4"
"1014","8640","Fonyód","14"
"1015","6793","Forráskút","6"
"1016","3849","Forró","9"
"1017","2151","Fót","15"
"1018","8157","Füle","4"
"1019","4964","Fülesd","9"
"1020","3864","Fulókércs","7"
"1021","4266","Fülöp","16"
"1022","6042","Fülöpháza","9"
"1023","6116","Fülöpjakab","1"
"1024","6085","Fülöpszállás","1"
"1025","4754","Fülpösdaróc","1"
"1026","7087","Fürged","16"
"1027","4141","Furta","17"
"1028","3996","Füzér","4"
"1029","3994","Füzérkajata","4"
"1030","3997","Füzérkomlós","4"
"1031","3993","Füzérradvány","4"
"1032","3390","Füzesabony","10"
"1033","5525","Füzesgyarmat","3"
"1034","8777","Füzvölgy","20"
"1035","4122","Gáborján","9"
"1036","8969","Gáborjánháza","20"
"1037","4972","Gacsály","16"
"1038","7276","Gadács","15"
"1039","8716","Gadány","15"
"1040","3815","Gadna","4"
"1041","5932","Gádoros","3"
"1042","3837","Gagyapáti","4"
"1043","3817","Gagybátor","4"
"1044","3816","Gagyvendégi","4"
"1045","8754","Galambok","20"
"1046","2686","Galgaguta","13"
"1047","2681","Galgagyörk","14"
"1048","2193","Galgahévíz","14"
"1049","2183","Galgamácsa","14"
"1050","7473","Gálosfa","15"
"1051","3752","Galvács","4"
"1052","8685","Gamás","15"
"1053","8597","Ganna","19"
"1054","8082","Gánt","7"
"1055","6522","Gara","1"
"1056","3067","Garáb","13"
"1057","8747","Garabonc","20"
"1058","3873","Garadna","4"
"1059","4976","Garbolc","16"
"1060","2484","Gárdony","7"
"1061","2485","Gárdony","7"
"1062","2483","Gárdony","7"
"1063","7812","Garé","2"
"1064","9952","Gasztony","18"
"1065","6111","Gátér","1"
"1066","4471","Gávavencsellő","16"
"1067","4472","Gávavencsellő","16"
"1068","4754","Géberjén","16"
"1069","8543","Gecse","19"
"1070","6334","Géderlak","1"
"1071","4517","Gégény","16"
"1072","3444","Gelej","4"
"1073","4935","Gelénes","16"
"1074","8981","Gellénháza","20"
"1075","8774","Gelse","20"
"1076","8774","Gelsesziget","20"
"1077","4567","Gemzse","16"
"1078","9721","Gencsapáti","18"
"1079","9672","Gérce","18"
"1080","7951","Gerde","2"
"1081","5925","Gerendás","3"
"1082","7362","Gerényes","2"
"1083","7733","Geresdlak","2"
"1084","7134","Gerjen","17"
"1085","9813","Gersekarát","18"
"1086","5734","Geszt","3"
"1087","3923","Gesztely","4"
"1088","3715","Gesztely","4"
"1089","4232","Geszteréd","16"
"1090","8762","Gétye","20"
"1091","8435","Gic","19"
"1092","7527","Gige","15"
"1093","7954","Gilvánfa","2"
"1094","3578","Girincs","4"
"1095","2131","Göd","19"
"1096","2132","Göd","4"
"1097","2100","Gödöllő","14"
"1098","7386","Gödre","20"
"1099","7385","Gödre","18"
"1100","8346","Gógánfa","2"
"1101","7272","Gölle","20"
"1102","3906","Golop","14"
"1103","2217","Gomba","14"
"1104","8984","Gombosszeg","14"
"1105","3728","Gömörszőlős","2"
"1106","3895","Gönc","2"
"1107","3894","Göncruszka","15"
"1108","9071","Gönyű","4"
"1109","9625","Gór","4"
"1110","4075","Görbeháza","4"
"1111","7833","Görcsöny","8"
"1112","7728","Görcsönydoboka","9"
"1113","7853","Gordisa","2"
"1114","7553","Görgeteg","2"
"1115","8913","Gősfa","15"
"1116","8978","Gosztola","20"
"1117","7162","Grábóc","17"
"1118","4842","Gulács","16"
"1119","8951","Gutorfölde","20"
"1120","2360","Gyál","14"
"1121","9474","Gyalóka","8"
"1122","9774","Gyanógeregye","18"
"1123","9126","Gyarmat","8"
"1124","8851","Gyékényes","15"
"1125","8315","Gyenesdiás","20"
"1126","8473","Gyepükaján","19"
"1127","2821","Gyermely","12"
"1128","7668","Gyód","2"
"1129","5502","Gyomaendrőd","3"
"1130","5500","Gyomaendrőd","3"
"1131","9124","Gyömöre","8"
"1132","2230","Gyömrő","8"
"1133","7954","Gyöngyfa","14"
"1134","3221","Gyöngyös","2"
"1135","3232","Gyöngyös","10"
"1136","3233","Gyöngyös","10"
"1137","3200","Gyöngyös","10"
"1138","9723","Gyöngyösfalu","10"
"1139","3212","Gyöngyöshalász","18"
"1140","7972","Gyöngyösmellék","10"
"1141","3211","Gyöngyösoroszi","2"
"1142","3035","Gyöngyöspata","10"
"1143","3231","Gyöngyössolymos","10"
"1144","3036","Gyöngyöstarján","10"
"1145","7064","Gyönk","10"
"1146","9019","Győr","17"
"1147","9011","Győr","8"
"1148","9012","Győr","8"
"1149","9000","Győr","8"
"1150","9021","Győr","8"
"1151","9022","Győr","8"
"1152","9023","Győr","8"
"1153","9024","Győr","8"
"1154","9025","Győr","8"
"1155","9026","Győr","8"
"1156","9027","Győr","8"
"1157","9028","Győr","8"
"1158","9029","Győr","8"
"1159","9030","Győr","8"
"1160","9093","Győrasszonyfa","8"
"1161","7352","Györe","8"
"1162","3954","Györgytarló","17"
"1163","7045","Györköny","4"
"1164","9173","Győrladamér","17"
"1165","9363","Gyóró","8"
"1166","4625","Győröcske","16"
"1167","9084","Győrság","8"
"1168","9161","Győrsövényház","8"
"1169","9121","Győrszemere","8"
"1170","4752","Győrtelek","16"
"1171","9081","Győrújbarát","8"
"1172","9171","Győrújfalu","8"
"1173","9821","Győrvár","18"
"1174","9172","Győrzámoly","8"
"1175","8692","Gyugy","15"
"1176","4733","Gyügye","3"
"1177","5711","Gyula","3"
"1178","5703","Gyula","3"
"1179","5700","Gyula","16"
"1180","4545","Gyulaháza","17"
"1181","7227","Gyulaj","19"
"1182","8286","Gyulakeszi","7"
"1183","4813","Gyüre","16"
"1184","2464","Gyúró","16"
"1185","8932","Győrős","20"
"1186","8694","Hács","15"
"1187","8992","Hagyárosbörönd","20"
"1188","8771","Hahót","20"
"1189","4273","Hajdúbagos","9"
"1190","4224","Hajdúböszörmény","9"
"1191","4086","Hajdúböszörmény","9"
"1192","4074","Hajdúböszörmény","9"
"1193","4220","Hajdúböszörmény","9"
"1194","4087","Hajdúdorog","9"
"1195","4242","Hajdúhadház","9"
"1196","4085","Hajdúnánás","9"
"1197","4080","Hajdúnánás","9"
"1198","4251","Hajdúsámson","9"
"1199","4200","Hajdúszoboszló","9"
"1200","4212","Hajdúszovát","9"
"1201","7473","Hajmás","15"
"1202","8192","Hajmáskér","19"
"1203","6344","Hajós","1"
"1204","9814","Halastó","18"
"1205","9228","Halászi","8"
"1206","2314","Halásztelek","14"
"1207","8452","Halimba","19"
"1208","3842","Halmaj","4"
"1209","3273","Halmajugra","10"
"1210","9917","Halogy","18"
"1211","3795","Hangács","4"
"1212","3626","Hangony","4"
"1213","2434","Hantos","7"
"1214","9784","Harasztifalu","18"
"1215","7172","Harc","17"
"1216","9422","Harka","8"
"1217","6136","Harkakötöny","1"
"1218","7815","Harkány","2"
"1219","7585","Háromfa","15"
"1220","3936","Háromhuta","4"
"1221","3555","Harsány","4"
"1222","8442","Hárskút","19"
"1223","6327","Harta","1"
"1224","6326","Harta","1"
"1225","7745","Hásságy","2"
"1226","3000","Hatvan","10"
"1227","9178","Hédervár","8"
"1228","7533","Hedrehely","15"
"1229","8296","Hegyesd","19"
"1230","9222","Hegyeshalom","8"
"1231","9631","Hegyfalu","18"
"1232","9915","Hegyháthodász","18"
"1233","7348","Hegyhátmaróc","2"
"1234","9915","Hegyhátsál","18"
"1235","9934","Hegyhátszentjakab","18"
"1236","9931","Hegyhátszentmárton","18"
"1237","9826","Hegyhátszentpéter","18"
"1238","9437","Hegykő","8"
"1239","8265","Hegymagas","19"
"1240","3786","Hegymeg","4"
"1241","7837","Hegyszentmárton","2"
"1242","3041","Héhalom","13"
"1243","3892","Hejce","4"
"1244","3593","Hejőbába","4"
"1245","3597","Hejőkeresztúr","4"
"1246","3588","Hejőkürt","4"
"1247","3594","Hejőpapi","4"
"1248","3595","Hejőszalonta","4"
"1249","7683","Helesfa","2"
"1250","6034","Helvécia","1"
"1251","4123","Hencida","9"
"1252","7532","Hencse","15"
"1253","2053","Herceghalom","14"
"1254","3958","Hercegkút","4"
"1255","6525","Hercegszántó","1"
"1256","3011","Heréd","10"
"1257","2832","Héreg","12"
"1258","2677","Herencsény","13"
"1259","8440","Herend","19"
"1260","7587","Heresznye","15"
"1261","4735","Hermánszeg","16"
"1262","2376","Hernád","14"
"1263","3853","Hernádbőd","4"
"1264","3887","Hernádcéce","4"
"1265","3563","Hernádkak","4"
"1266","3846","Hernádkércs","4"
"1267","3564","Hernádnémeti","4"
"1268","3874","Hernádpetri","4"
"1269","3852","Hernádszentandrás","4"
"1270","3875","Hernádszurdok","4"
"1271","3874","Hernádvécse","4"
"1272","8957","Hernyék","20"
"1273","3655","Hét","4"
"1274","4843","Hetefejércse","16"
"1275","7432","Hetes","15"
"1276","7681","Hetvehely","2"
"1277","8344","Hetyefő","19"
"1278","3360","Heves","10"
"1279","3322","Hevesaranyos","10"
"1280","3383","Hevesvezekény","10"
"1281","8380","Hévíz","20"
"1282","2192","Hévízgyörk","14"
"1283","7696","Hidas","2"
"1284","3876","Hidasnémeti","4"
"1285","8247","Hidegkút","19"
"1286","9491","Hidegség","8"
"1287","3768","Hidvégardó","4"
"1288","7735","Himesháza","2"
"1289","9362","Himod","8"
"1290","7838","Hirics","2"
"1291","7971","Hobol","2"
"1292","4334","Hodász","16"
"1293","6806","Hódmezővásárhely","6"
"1294","6800","Hódmezővásárhely","6"
"1295","7191","Hőgyész","15"
"1296","8731","Hollád","4"
"1297","3999","Hollóháza","13"
"1298","3176","Hollókő","19"
"1299","8563","Homokbödöge","20"
"1300","8777","Homokkomárom","1"
"1301","6341","Homokmégy","15"
"1302","7537","Homokszentgyörgy","2"
"1303","7716","Homorúd","4"
"1304","3812","Homrogd","13"
"1305","2647","Hont","13"
"1306","2658","Horpács","10"
"1307","3014","Hort","9"
"1308","4071","Hortobágy","2"
"1309","7935","Horváthertelend","18"
"1310","9796","Horvátlövő","18"
"1311","9733","Horvátzsidány","2"
"1312","7694","Hosszúhetény","9"
"1313","4274","Hosszúpályi","18"
"1314","9676","Hosszúpereszteg","15"
"1315","8716","Hosszúvíz","20"
"1316","8777","Hosszúvölgy","19"
"1317","8475","Hosztót","20"
"1318","8991","Hottó","17"
"1319","9361","Hövej","8"
"1320","2672","Hugyag","13"
"1321","5555","Hunya","3"
"1322","5063","Hunyadfalva","11"
"1323","7678","Husztót","2"
"1324","7935","Ibafa","2"
"1325","8984","Iborfia","20"
"1326","4484","Ibrány","16"
"1327","7275","Igal","15"
"1328","7016","Igar","7"
"1329","7015","Igar","7"
"1330","3459","Igrici","4"
"1331","8726","Iharos","15"
"1332","8725","Iharosberény","15"
"1333","9756","Ikervár","18"
"1334","2181","Iklad","14"
"1335","9634","Iklanberény","18"
"1336","8958","Iklódbördőce","20"
"1337","9141","Ikrény","8"
"1338","2675","Iliny","13"
"1339","4566","Ilk","16"
"1340","7775","Illocska","2"
"1341","3724","Imola","4"
"1342","6238","Imrehegy","1"
"1343","3851","Ináncs","4"
"1344","2365","Inárcs","14"
"1345","8724","Inke","15"
"1346","7847","Ipacsfa","2"
"1347","2631","Ipolydamásd","14"
"1348","3138","Ipolytarnóc","13"
"1349","2633","Ipolytölgyes","14"
"1350","2669","Ipolyvece","13"
"1351","7095","Iregszemcse","17"
"1352","3786","Irota","4"
"1353","2117","Isaszeg","14"
"1354","9941","Ispánk","18"
"1355","3253","Istenmezeje","10"
"1356","7987","Istvándi","15"
"1357","8043","Iszkaszentgyörgy","7"
"1358","8493","Iszkáz","19"
"1359","8045","Isztimér","7"
"1360","3248","Ivád","10"
"1361","9374","Iván","8"
"1362","7772","Ivánbattyán","2"
"1363","9931","Ivánc","18"
"1364","2454","Iváncsa","7"
"1365","7781","Ivándárda","2"
"1366","7353","Izmény","17"
"1367","6070","Izsák","1"
"1368","3741","Izsófalva","4"
"1369","7362","Jágónak","17"
"1370","9798","Ják","18"
"1371","6078","Jakabszállás","1"
"1372","9643","Jákfa","18"
"1373","3721","Jákfalva","4"
"1374","7525","Jákó","15"
"1375","4841","Jánd","16"
"1376","4741","Jánkmajtis","16"
"1377","6440","Jánoshalma","1"
"1378","9545","Jánosháza","18"
"1379","5143","Jánoshida","11"
"1380","9241","Jánossomorja","8"
"1381","9242","Jánossomorja","8"
"1382","3664","Járdánháza","4"
"1383","4337","Jármi","16"
"1384","8424","Jásd","19"
"1385","5124","Jászágó","11"
"1386","5054","Jászalsószentgyörgy","11"
"1387","5130","Jászapáti","11"
"1388","5123","Jászárokszállás","11"
"1389","5152","Jászberény","11"
"1390","5100","Jászberény","11"
"1391","5144","Jászboldogháza","11"
"1392","5122","Jászdózsa","11"
"1393","5111","Jászfelsőszentgyörgy","11"
"1394","5126","Jászfényszaru","11"
"1395","5135","Jászivány","11"
"1396","5121","Jászjákóhalma","11"
"1397","2746","Jászkarajenő","14"
"1398","5137","Jászkisér","11"
"1399","5055","Jászladány","11"
"1400","5136","Jászszentandrás","11"
"1401","6133","Jászszentlászló","1"
"1402","5141","Jásztelek","11"
"1403","4611","Jéke","16"
"1404","8146","Jenő","7"
"1405","9323","Jobaháza","8"
"1406","3063","Jobbágyi","13"
"1407","3758","Jósvafő","4"
"1408","7431","Juta","15"
"1409","4183","Kaba","9"
"1410","8773","Kacorlak","20"
"1411","3424","Kács","4"
"1412","7940","Kacsóta","2"
"1413","7530","Kadarkút","15"
"1414","9123","Kajárpéc","8"
"1415","2472","Kajászó","7"
"1416","7051","Kajdacs","17"
"1417","7122","Kakasd","17"
"1418","7958","Kákics","2"
"1419","2366","Kakucs","14"
"1420","3350","Kál","10"
"1421","7194","Kalaznó","17"
"1422","9673","Káld","18"
"1423","2175","Kálló","13"
"1424","8785","Kallósd","20"
"1425","4324","Kállósemjén","16"
"1426","7538","Kálmáncsa","15"
"1427","4434","Kálmánháza","16"
"1428","8988","Kálócfa","20"
"1429","6300","Kalocsa","1"
"1430","8124","Káloz","7"
"1431","9841","Kám","18"
"1432","8469","Kamond","19"
"1433","5673","Kamut","3"
"1434","3735","Kánó","4"
"1435","4335","Kántorjánosi","16"
"1436","3821","Kány","4"
"1437","8667","Kánya","15"
"1438","8956","Kányavár","20"
"1439","8294","Kapolcs","19"
"1440","3355","Kápolna","10"
"1441","2475","Kápolnásnyék","7"
"1442","8671","Kapoly","15"
"1443","7523","Kaposfő","15"
"1444","7473","Kaposgyarmat","15"
"1445","7261","Kaposhomok","15"
"1446","7258","Kaposkeresztúr","15"
"1447","7521","Kaposmérő","15"
"1448","7251","Kapospula","17"
"1449","7361","Kaposszekcső","17"
"1450","7476","Kaposszerdahely","15"
"1451","7522","Kaposújlak","15"
"1452","7400","Kaposvár","15"
"1453","8471","Káptalanfa","19"
"1454","8283","Káptalantóti","19"
"1455","9339","Kapuvár","8"
"1456","9330","Kapuvár","8"
"1457","7285","Kára","15"
"1458","3281","Karácsond","10"
"1459","8676","Karád","15"
"1460","9547","Karakó","18"
"1461","8491","Karakószörcsök","19"
"1462","3181","Karancsalja","13"
"1463","3137","Karancsberény","13"
"1464","3183","Karancskeszi","13"
"1465","3182","Karancslapujtő","13"
"1466","3163","Karancsság","13"
"1467","7333","Kárász","2"
"1468","5300","Karcag","11"
"1469","3963","Karcsa","4"
"1470","5552","Kardos","3"
"1471","5945","Kardoskút","3"
"1472","8354","Karmacs","20"
"1473","3962","Karos","4"
"1474","2173","Kartal","14"
"1475","7827","Kásád","2"
"1476","6211","Kaskantyú","1"
"1477","7977","Kastélyosdombó","15"
"1478","5948","Kaszaper","3"
"1479","7564","Kaszó","15"
"1480","7914","Katádfa","2"
"1481","9915","Katafa","18"
"1482","7661","Kátoly","2"
"1483","6455","Katymár","1"
"1484","2215","Káva","14"
"1485","8994","Kávás","20"
"1486","3147","Kazár","13"
"1487","3127","Kazár","13"
"1488","3700","Kazincbarcika","4"
"1489","3831","Kázsmárk","4"
"1490","7274","Kazsok","15"
"1491","6237","Kecel","1"
"1492","2852","Kecskéd","12"
"1493","6044","Kecskemét","1"
"1494","6008","Kecskemét","1"
"1495","6000","Kecskemét","1"
"1496","8784","Kehidakustány","20"
"1497","4515","Kék","16"
"1498","4494","Kékcse","16"
"1499","3899","Kéked","4"
"1500","7661","Kékesd","2"
"1501","8254","Kékkút","19"
"1502","6423","Kelebia","1"
"1503","9549","Keléd","18"
"1504","3728","Kelemér","4"
"1505","6444","Kéleshalom","1"
"1506","8714","Kelevíz","15"
"1507","4501","Kemecse","16"
"1508","2638","Kemence","14"
"1509","8931","Kemendollár","20"
"1510","8516","Kemeneshőgyész","19"
"1511","9553","Kemeneskápolna","18"
"1512","9522","Kemenesmagasi","18"
"1513","9511","Kemenesmihályfa","18"
"1514","9544","Kemenespálfa","18"
"1515","9517","Kemenessömjén","18"
"1516","9521","Kemenesszentmárton","18"
"1517","8518","Kemenesszentpéter","19"
"1518","8995","Keménfa","20"
"1519","7843","Kémes","2"
"1520","9923","Kemestaródfa","18"
"1521","7839","Kemse","2"
"1522","5349","Kenderes","11"
"1523","5331","Kenderes","11"
"1524","9752","Kenéz","18"
"1525","3955","Kenézlő","4"
"1526","5083","Kengyel","11"
"1527","9514","Kenyeri","18"
"1528","9945","Kercaszomor","18"
"1529","7256","Kercseliget","15"
"1530","3396","Kerecsend","10"
"1531","8745","Kerecseny","20"
"1532","6041","Kerekegyháza","1"
"1533","8618","Kereki","15"
"1534","2882","Kerékteleki","12"
"1535","2145","Kerepes","14"
"1536","2144","Kerepes","14"
"1537","3821","Keresztéte","4"
"1538","8971","Kerkabarabás","20"
"1539","8973","Kerkafalva","20"
"1540","8973","Kerkakutas","20"
"1541","9944","Kerkáskápolna","18"
"1542","8874","Kerkaszentkirály","20"
"1543","8879","Kerkateskánd","20"
"1544","4912","Kérsemjén","16"
"1545","8492","Kerta","19"
"1546","5526","Kertészsziget","3"
"1547","2616","Keszeg","13"
"1548","3579","Kesznyéten","4"
"1549","7062","Keszőhidegkút","17"
"1550","8360","Keszthely","20"
"1551","2517","Kesztölc","12"
"1552","7668","Keszü","2"
"1553","2655","Kétbodony","13"
"1554","5741","Kétegyháza","3"
"1555","8713","Kéthely","15"
"1556","5411","Kétpó","11"
"1557","5674","Kétsoprony","3"
"1558","7975","Kétújfalu","2"
"1559","9982","Kétvölgy","18"
"1560","7174","Kéty","17"
"1561","5744","Kevermes","3"
"1562","8774","Kilimán","20"
"1563","9181","Kimle","8"
"1564","8044","Kincsesbánya","7"
"1565","3657","Királd","4"
"1566","7953","Királyegyháza","2"
"1567","6911","Királyhegyes","6"
"1568","8195","Királyszentistván","19"
"1569","8284","Kisapáti","19"
"1570","2428","Kisapostag","7"
"1571","4921","Kisar","16"
"1572","7523","Kisasszond","15"
"1573","7954","Kisasszonyfa","2"
"1574","9133","Kisbabot","8"
"1575","3046","Kisbágyon","13"
"1576","9062","Kisbajcs","8"
"1577","7542","Kisbajom","15"
"1578","7282","Kisbárapáti","15"
"1579","3075","Kisbárkány","13"
"1580","2881","Kisbér","12"
"1581","2879","Kisbér","12"
"1582","2870","Kisbér","12"
"1583","8693","Kisberény","15"
"1584","8477","Kisberzseny","19"
"1585","7391","Kisbeszterce","2"
"1586","9234","Kisbodak","8"
"1587","8925","Kisbucsa","20"
"1588","7756","Kisbudmér","2"
"1589","3578","Kiscsécs","4"
"1590","8888","Kiscsehi","20"
"1591","8494","Kiscsősz","19"
"1592","7814","Kisdér","2"
"1593","7985","Kisdobsza","2"
"1594","5837","Kisdombegyház","3"
"1595","7159","Kisdorog","17"
"1596","2655","Kisecset","13"
"1597","9341","Kisfalud","8"
"1598","3256","Kisfüzes","10"
"1599","8356","Kisgörbő","20"
"1600","7279","Kisgyalán","15"
"1601","3556","KisGyőr","4"
"1602","7391","Kishajmás","2"
"1603","7800","Kisharsány","2"
"1604","3161","Kishartyán","13"
"1605","7763","Kisherend","2"
"1606","4977","Kishódos","16"
"1607","3994","Kishuta","4"
"1608","2948","Kisigmánd","12"
"1609","7773","Kisjakabfalva","2"
"1610","7766","Kiskassa","2"
"1611","3843","Kiskinizs","4"
"1612","3384","Kisköre","15"
"1613","6200","Kiskőrös","10"
"1614","7524","Kiskorpád","1"
"1615","6100","Kiskunfélegyháza","1"
"1616","6400","Kiskunhalas","1"
"1617","2340","Kiskunlacháza","14"
"1618","6120","Kiskunmajsa","1"
"1619","8911","Kiskutas","20"
"1620","8156","Kisláng","7"
"1621","4325","Kisléta","16"
"1622","7775","Kislippó","2"
"1623","8446","Kislőd","19"
"1624","7356","Kismányok","17"
"1625","4126","Kismarja","9"
"1626","2623","Kismaros","14"
"1627","4737","Kisnamény","16"
"1628","3264","Kisnána","10"
"1629","2165","Kisnémedi","14"
"1630","7759","Kisnyárád","2"
"1631","2024","Kisoroszi","14"
"1632","4956","Kispalád","16"
"1633","8912","Kispáli","20"
"1634","8496","Kispirit","19"
"1635","9936","Kisrákos","18"
"1636","8756","Kisrécse","20"
"1637","3965","Kisrozvágy","4"
"1638","3627","Kissikátor","4"
"1639","9555","Kissomlyó","18"
"1640","6421","Kisszállás","1"
"1641","7082","Kisszékely","17"
"1642","4963","Kisszekeres","16"
"1643","7841","Kisszentmárton","2"
"1644","8957","Kissziget","20"
"1645","8483","Kisszőlős","19"
"1646","7981","Kistamási","2"
"1647","7823","Kistapolca","2"
"1648","2143","Kistarcsa","14"
"1649","6760","Kistelek","6"
"1650","3553","Kistokaj","4"
"1651","8868","Kistolmács","20"
"1652","7068","Kistormás","17"
"1653","7768","Kistótfalu","2"
"1654","5310","Kisújszállás","11"
"1655","9772","Kisunyom","18"
"1656","4600","Kisvárda","16"
"1657","4811","Kisvarsány","16"
"1658","8341","Kisvásárhely","20"
"1659","7381","Kisvaszar","2"
"1660","7183","Kisvejke","17"
"1661","6775","Kiszombor","6"
"1662","9733","Kiszsidány","18"
"1663","6773","Klárafalva","6"
"1664","7334","Köblény","12"
"1665","2898","Kocs","14"
"1666","2755","Kocsér","17"
"1667","9553","Köcsk","16"
"1668","7212","Kocsola","14"
"1669","4751","Kocsord","9"
"1670","2243","Kóka","19"
"1671","4284","Kokad","9"
"1672","7668","Kökény","12"
"1673","7530","Kőkút","12"
"1674","4965","Kölcse","12"
"1675","7052","Kölesd","4"
"1676","7717","Kölked","2"
"1677","8468","Kolontár","2"
"1678","4138","Komádi","16"
"1679","2903","Komárom","15"
"1680","2921","Komárom","4"
"1681","2900","Komárom","16"
"1682","3765","Komjáti","10"
"1683","7305","Komló","4"
"1684","7300","Komló","18"
"1685","3372","Kömlő","3"
"1686","2853","Kömlőd","8"
"1687","4765","Komlódtótfalu","9"
"1688","7582","Komlósd","8"
"1689","3937","Komlóska","17"
"1690","4622","Komoró","4"
"1691","4943","Kömörő","8"
"1692","6134","Kömpöc","2"
"1693","3356","Kompolt","14"
"1694","3775","Kondó","14"
"1695","9943","Kondorfa","16"
"1696","5553","Kondoros","2"
"1697","9144","Kóny","2"
"1698","4133","Konyár","4"
"1699","9495","Kópháza","13"
"1700","7094","Koppányszántó","2"
"1701","3886","Korlát","20"
"1702","9909","Körmend","2"
"1703","9900","Körmend","18"
"1704","2851","Környe","2"
"1705","3577","Köröm","15"
"1706","9113","Koroncó","16"
"1707","7841","Kórós","17"
"1708","8617","Kőröshegy","2"
"1709","5516","Körösladány","10"
"1710","5539","Körösnagyharsány","12"
"1711","4136","Körösszakál","16"
"1712","4135","Körösszegapáti","1"
"1713","5622","Köröstarcsa","18"
"1714","2745","Kőröstetétlen","18"
"1715","5536","Körösújfalu","12"
"1716","2612","Kosd","4"
"1717","2625","Kóspallag","15"
"1718","8152","Kőszárhegy","3"
"1719","9730","Kőszeg","3"
"1720","9725","Kőszegdoroszló","3"
"1721","9739","Kőszegpaty","14"
"1722","9725","Kőszegszerdahely","3"
"1723","4482","Kótaj","9"
"1724","8627","Kötcse","9"
"1725","5725","Kötegyán","7"
"1726","5062","Kőtelek","18"
"1727","7847","Kovácshida","18"
"1728","7678","Kovácsszénája","18"
"1729","3992","Kovácsvágás","18"
"1730","8254","Kővágóörs","15"
"1731","7673","Kővágószőlős","3"
"1732","7675","Kővágótőttős","11"
"1733","6912","Kövegy","19"
"1734","8274","Köveskál","2"
"1735","3053","Kozárd","2"
"1736","7761","Kozármisleny","6"
"1737","8988","Kozmadombja","19"
"1738","3821","Krasznokvajda","4"
"1739","6755","Kübekháza","7"
"1740","2458","Kulcs","1"
"1741","8978","Külsősárd","3"
"1742","9532","Külsővat","1"
"1743","6097","Kunadacs","1"
"1744","5746","Kunágota","11"
"1745","6435","Kunbaja","1"
"1746","6043","Kunbaracs","11"
"1747","5412","Kuncsorba","11"
"1748","6413","Kunfehértó","1"
"1749","8162","Küngös","1"
"1750","5340","Kunhegyes","11"
"1751","5321","Kunmadaras","11"
"1752","6096","Kunpeszér","1"
"1753","6115","Kunszállás","8"
"1754","5449","Kunszentmárton","19"
"1755","5440","Kunszentmárton","4"
"1756","6090","Kunszentmiklós","17"
"1757","9184","Kunsziget","4"
"1758","8595","Kup","20"
"1759","3813","Kupa","15"
"1760","7226","Kurd","13"
"1761","3732","Kurityán","6"
"1762","8919","Kustánszeg","20"
"1763","7541","Kutas","19"
"1764","3066","Kutasó","19"
"1765","2541","Lábatlan","12"
"1766","7551","Lábod","15"
"1767","3967","Lácacséke","4"
"1768","7535","Lad","15"
"1769","6045","Ladánybene","1"
"1770","3780","Ládbesenyő","4"
"1771","8136","Lajoskomárom","7"
"1772","6050","Lajosmizse","1"
"1773","3786","Lak","4"
"1774","8913","Lakhegy","20"
"1775","6065","Lakitelek","1"
"1776","7918","Lakócsa","15"
"1777","7759","Lánycsók","2"
"1778","7214","Lápafő","17"
"1779","7775","Lapáncsa","2"
"1780","4543","Laskod","16"
"1781","8887","Lasztonya","20"
"1782","8681","Látrány","15"
"1783","9089","Lázi","8"
"1784","2016","Leányfalu","14"
"1785","2518","Leányvár","12"
"1786","9155","Lébény","8"
"1787","2619","Legénd","13"
"1788","3904","Legyesbénye","4"
"1789","3832","Léh","4"
"1790","3648","Lénárddaróc","4"
"1791","8978","Lendvadedes","20"
"1792","8977","Lendvajakabfa","20"
"1793","7184","Lengyel","17"
"1794","8693","Lengyeltóti","15"
"1795","8966","Lenti","20"
"1796","8960","Lenti","20"
"1797","8132","Lepsény","7"
"1798","8318","Lesencefalu","19"
"1799","8319","Lesenceistvánd","19"
"1800","8318","Lesencetomaj","19"
"1801","4281","Létavértes","9"
"1802","4283","Létavértes","9"
"1803","8868","Letenye","20"
"1804","2632","Letkés","14"
"1805","9221","Levél","8"
"1806","4555","Levelek","16"
"1807","8707","Libickozma","15"
"1808","8981","Lickóvadamos","20"
"1809","7331","Liget","2"
"1810","8782","Ligetfalva","20"
"1811","9233","Lipót","8"
"1812","7781","Lippó","2"
"1813","7757","Liptód","2"
"1814","8888","Lispeszentadorján","20"
"1815","8831","Liszó","20"
"1816","8196","Litér","19"
"1817","3866","Litka","4"
"1818","3186","Litke","13"
"1819","9634","Lócs","18"
"1820","5743","Lőkösháza","19"
"1821","8425","Lókút","16"
"1822","4836","Lónya","14"
"1823","2309","Lórév","2"
"1824","3022","Lőrinci","19"
"1825","3024","Lőrinci","7"
"1826","3021","Lőrinci","2"
"1827","7761","Lothárd","20"
"1828","8228","Lovas","19"
"1829","8093","Lovasberény","3"
"1830","7720","Lovászhetény","10"
"1831","8878","Lovászi","10"
"1832","8553","Lovászpatona","10"
"1833","9461","Lövő","8"
"1834","4633","Lövőpetri","16"
"1835","3129","Lucfalva","13"
"1836","3188","Ludányhalászi","13"
"1837","3274","Ludas","10"
"1838","9724","Lukácsháza","18"
"1839","8660","Lulla","15"
"1840","7838","Lúzsok","2"
"1841","3909","Mád","4"
"1842","6456","Madaras","1"
"1843","7026","Madocsa","17"
"1844","9169","Maglóca","8"
"1845","2234","Maglód","14"
"1846","7342","Mágocs","2"
"1847","4953","Magosliget","16"
"1848","4556","Magy","16"
"1849","8071","Magyaralmás","7"
"1850","7463","Magyaratád","15"
"1851","5667","Magyarbánhegyes","3"
"1852","7775","Magyarbóly","2"
"1853","6932","Magyarcsanád","6"
"1854","5838","Magyardombegyház","3"
"1855","7332","Magyaregregy","2"
"1856","7441","Magyaregres","15"
"1857","8973","Magyarföld","20"
"1858","3133","Magyargéc","13"
"1859","8517","Magyargencs","19"
"1860","7394","Magyarhertelend","2"
"1861","4137","Magyarhomorog","9"
"1862","9346","Magyarkeresztúr","8"
"1863","7098","Magyarkeszi","17"
"1864","9962","Magyarlak","18"
"1865","7925","Magyarlukafa","2"
"1866","7954","Magyarmecske","2"
"1867","9909","Magyarnádalja","18"
"1868","2694","Magyarnándor","13"
"1869","8449","Magyarpolány","19"
"1870","7761","Magyarsarlós","2"
"1871","9912","Magyarszecsőd","18"
"1872","7396","Magyarszék","2"
"1873","8776","Magyarszentmiklós","20"
"1874","8776","Magyarszerdahely","20"
"1875","9946","Magyarszombatfa","18"
"1876","7954","Magyartelek","2"
"1877","2339","Majosháza","14"
"1878","7783","Majs","2"
"1879","2322","Makád","14"
"1880","3959","Makkoshotyka","4"
"1881","3397","Maklár","10"
"1882","6903","Makó","6"
"1883","6900","Makó","6"
"1884","8533","Malomsok","19"
"1885","3434","Mályi","4"
"1886","3645","Mályinka","4"
"1887","4942","Mánd","16"
"1888","4644","Mándok","16"
"1889","7304","Mánfa","2"
"1890","2065","Mány","7"
"1891","7733","Maráza","2"
"1892","9534","Marcalgergelyi","19"
"1893","8714","Marcali","15"
"1894","8709","Marcali","15"
"1895","8700","Marcali","15"
"1896","8531","Marcaltő","19"
"1897","8532","Marcaltő","19"
"1898","7817","Márfa","2"
"1899","2527","Máriahalom","12"
"1900","9231","Máriakálnok","8"
"1901","7663","Máriakéménd","2"
"1902","2629","Márianosztra","14"
"1903","4326","Máriapócs","16"
"1904","3262","Markaz","10"
"1905","3075","Márkháza","13"
"1906","8441","Márkó","19"
"1907","7967","Markóc","2"
"1908","9164","Markotabödöge","8"
"1909","8888","Maróc","20"
"1910","7960","Marócsa","2"
"1911","7774","Márok","2"
"1912","8976","Márokföld","20"
"1913","4932","Márokpapi","16"
"1914","6921","Maroslele","6"
"1915","6636","Mártély","6"
"1916","5435","Martfő","11"
"1917","7720","Martonfa","2"
"1918","2462","Martonvásár","7"
"1919","3755","Martonyi","4"
"1920","4700","Mátészalka","16"
"1921","6452","Mátételke","1"
"1922","3247","Mátraballa","10"
"1923","3246","Mátraderecske","10"
"1924","3155","Mátramindszent","13"
"1925","3144","Mátranovák","13"
"1926","3143","Mátranovák","13"
"1927","3142","Mátraszele","13"
"1928","3234","Mátraszentimre","10"
"1929","3235","Mátraszentimre","10"
"1930","3068","Mátraszőlős","13"
"1931","3145","Mátraterenye","13"
"1932","3146","Mátraterenye","13"
"1933","3077","Mátraverebély","13"
"1934","7854","Matty","7"
"1935","8134","Mátyásdomb","2"
"1936","4835","Mátyus","16"
"1937","7351","Máza","2"
"1938","7695","Mecseknádasd","2"
"1939","7300","Mecsekpölöske","2"
"1940","9176","Mecsér","8"
"1941","5664","Medgyesbodzás","3"
"1942","5663","Medgyesbodzás","3"
"1943","5752","Medgyesegyháza","3"
"1944","5666","Medgyesegyháza","3"
"1945","7057","Medina","17"
"1946","9757","Meggyeskovácsi","18"
"1947","3718","Megyaszó","4"
"1948","9754","Megyehid","18"
"1949","8348","Megyer","19"
"1950","5726","Méhkerék","3"
"1951","4975","Méhtelek","16"
"1952","7344","Mekényes","2"
"1953","6449","Mélykút","1"
"1954","8271","Mencshely","19"
"1955","2235","Mende","14"
"1956","3871","Méra","4"
"1957","7981","Merenye","2"
"1958","9136","Mérges","8"
"1959","4352","Mérk","16"
"1960","7453","Mernye","15"
"1961","9531","Mersevát","18"
"1962","9662","Mesterháza","18"
"1963","9551","Mesteri","18"
"1964","5452","Mesterszállás","11"
"1965","3754","Meszes","4"
"1966","9745","Meszlen","18"
"1967","8716","Mesztegnyő","15"
"1968","5650","Mezőberény","3"
"1969","3450","Mezőcsát","4"
"1970","7434","Mezőcsokonya","15"
"1971","7370","Meződ","2"
"1972","2422","Mezőfalva","7"
"1973","5732","Mezőgyán","3"
"1974","5820","Mezőhegyes","3"
"1975","5453","Mezőhék","11"
"1976","3441","Mezőkeresztes","4"
"1977","8137","Mezőkomárom","7"
"1978","5800","Mezőkovácsháza","3"
"1979","3400","Mezőkövesd","4"
"1980","4641","Mezőladány","16"
"1981","8514","Mezőlak","19"
"1982","3443","Mezőnagymihály","4"
"1983","3421","Mezőnyárád","4"
"1984","9098","Mezőörs","8"
"1985","9097","Mezőörs","8"
"1986","4118","Mezőpeterd","9"
"1987","4134","Mezősas","9"
"1988","3378","Mezőszemere","10"
"1989","8133","Mezőszentgyörgy","7"
"1990","7017","Mezőszilas","7"
"1991","3375","Mezőtárkány","10"
"1992","5400","Mezőtúr","11"
"1993","3931","Mezőzombor","4"
"1994","8825","Miháld","20"
"1995","8341","Mihályfa","20"
"1996","3184","Mihálygerge","13"
"1997","8513","Mihályháza","19"
"1998","9342","Mihályi","8"
"1999","7512","Mike","15"
"2000","2736","Mikebuda","14"
"2001","8949","Mikekarácsonyfa","20"
"2002","4271","Mikepércs","9"
"2003","7286","Miklósi","15"
"2004","3344","Mikófalva","10"
"2005","3989","Mikóháza","4"
"2006","9835","Mikosszéplak","18"
"2007","8917","Milejszeg","20"
"2008","4948","Milota","16"
"2009","6630","Mindszent","6"
"2010","7391","Mindszentgodisa","2"
"2011","8282","Mindszentkálla","19"
"2012","8935","Misefa","20"
"2013","6343","Miske","1"
"2014","3510","Miskolc","4"
"2015","3515","Miskolc","4"
"2016","3516","Miskolc","4"
"2017","3508","Miskolc","4"
"2018","3517","Miskolc","4"
"2019","3518","Miskolc","4"
"2020","3521","Miskolc","4"
"2021","3519","Miskolc","4"
"2022","3500","Miskolc","4"
"2023","3501","Miskolc","4"
"2024","3524","Miskolc","4"
"2025","3525","Miskolc","4"
"2026","3526","Miskolc","4"
"2027","3527","Miskolc","4"
"2028","3528","Miskolc","4"
"2029","3529","Miskolc","4"
"2030","3530","Miskolc","4"
"2031","3531","Miskolc","4"
"2032","3532","Miskolc","4"
"2033","3533","Miskolc","4"
"2034","3534","Miskolc","4"
"2035","3535","Miskolc","4"
"2036","7065","Miszla","17"
"2037","2911","Mocsa","12"
"2038","7163","Mőcsény","14"
"2039","2146","Mogyoród","12"
"2040","2535","Mogyorósbánya","4"
"2041","3893","Mogyoróska","7"
"2042","8042","Moha","2"
"2043","7715","Mohács","2"
"2044","7714","Mohács","2"
"2045","7700","Mohács","13"
"2046","2698","Mohora","20"
"2047","8863","Molnári","18"
"2048","9912","Molnaszecsőd","2"
"2049","7981","Molvány","4"
"2050","3812","Monaj","4"
"2051","3905","Monok","14"
"2052","2213","Monor","14"
"2053","2200","Monor","10"
"2054","3345","Mónosbél","19"
"2055","8296","Monostorapáti","9"
"2056","4275","Monostorpályi","19"
"2057","8273","Monoszló","2"
"2058","7751","Monyoród","7"
"2059","8060","Mór","17"
"2060","7165","Mórágy","6"
"2061","6782","Mórahalom","1"
"2062","6132","Móricgát","8"
"2063","9131","Mórichida","15"
"2064","7257","Mosdós","8"
"2065","9200","Mosonmagyaróvár","8"
"2066","9183","Mosonszentmiklós","8"
"2067","9154","Mosonszentmiklós","8"
"2068","9245","Mosonszolnok","2"
"2069","7932","Mozsgó","17"
"2070","7185","Mucsfa","17"
"2071","7195","Mucsi","17"
"2072","3744","Múcsony","4"
"2073","3552","Muhi","4"
"2074","8834","Murakeresztúr","20"
"2075","8868","Murarátka","20"
"2076","8872","Muraszemenye","20"
"2077","7176","Murga","17"
"2078","5672","Murony","3"
"2079","4911","Nábrád","16"
"2080","8097","Nadap","7"
"2081","9915","Nádasd","18"
"2082","8145","Nádasdladány","7"
"2083","4181","Nádudvar","9"
"2084","8674","Nágocs","15"
"2085","8521","Nagyacsád","19"
"2086","8484","Nagyalásony","19"
"2087","4922","Nagyar","16"
"2088","7500","Nagyatád","15"
"2089","9063","Nagybajcs","8"
"2090","7561","Nagybajom","15"
"2091","8821","Nagybakónak","20"
"2092","5668","Nagybánhegyes","3"
"2093","6527","Nagybaracska","1"
"2094","3641","Nagybarca","4"
"2095","3075","Nagybárkány","13"
"2096","8656","Nagyberény","15"
"2097","7255","Nagyberki","15"
"2098","2634","Nagybörzsöny","14"
"2099","7756","Nagybudmér","2"
"2100","9485","Nagycenk","8"
"2101","7838","Nagycsány","2"
"2102","3598","Nagycsécs","4"
"2103","8628","Nagycsepely","15"
"2104","4445","Nagycserkesz","16"
"2105","8554","Nagydém","19"
"2106","4823","Nagydobos","16"
"2107","7985","Nagydobsza","2"
"2108","7044","Nagydorog","17"
"2109","4355","Nagyecsed","16"
"2110","6917","Nagyér","6"
"2111","8415","Nagyesztergár","19"
"2112","3282","Nagyfüged","10"
"2113","9664","Nagygeresd","18"
"2114","8356","Nagygörbő","20"
"2115","8551","Nagygyimót","19"
"2116","7343","Nagyhajmás","2"
"2117","4485","Nagyhalász","16"
"2118","7822","Nagyharsány","2"
"2119","4064","Nagyhegyes","9"
"2120","4977","Nagyhódos","16"
"2121","3994","Nagyhuta","4"
"2122","2942","Nagyigmánd","12"
"2123","5363","Nagyiván","11"
"2124","4320","Nagykálló","16"
"2125","5751","Nagykamarás","3"
"2126","8831","Nagykanizsa","20"
"2127","8808","Nagykanizsa","20"
"2128","8809","Nagykanizsa","20"
"2129","8800","Nagykanizsa","20"
"2130","8935","Nagykapornak","20"
"2131","2425","Nagykarácsony","7"
"2132","2760","Nagykáta","14"
"2133","4127","Nagykereki","9"
"2134","3129","Nagykeresztúr","13"
"2135","3844","Nagykinizs","4"
"2136","3012","Nagykökényes","17"
"2137","9784","Nagykölked","15"
"2138","7092","Nagykónyi","14"
"2139","2750","Nagykőrös","2"
"2140","7545","Nagykorpád","10"
"2141","5065","Nagykörő","18"
"2142","2094","Nagykovácsi","14"
"2143","7741","Nagykozár","11"
"2144","8911","Nagykutas","20"
"2145","6933","Nagylak","6"
"2146","8983","Nagylengyel","20"
"2147","3175","Nagylóc","13"
"2148","2435","Nagylók","7"
"2149","9482","Nagylózs","8"
"2150","6622","Nagymágocs","6"
"2151","7355","Nagymányok","17"
"2152","2626","Nagymaros","14"
"2153","9913","Nagymizdó","18"
"2154","7784","Nagynyárád","2"
"2155","2645","Nagyoroszi","13"
"2156","8912","Nagypáli","20"
"2157","7731","Nagypall","2"
"2158","7912","Nagypeterd","2"
"2159","8496","Nagypirit","19"
"2160","4173","Nagyrábé","9"
"2161","8746","Nagyrada","20"
"2162","9938","Nagyrákos","18"
"2163","8756","Nagyrécse","20"
"2164","3214","Nagyréde","10"
"2165","5463","Nagyrév","11"
"2166","3965","Nagyrozvágy","4"
"2167","2524","Nagysáp","12"
"2168","9561","Nagysimonyi","18"
"2169","8739","Nagyszakácsi","15"
"2170","7085","Nagyszékely","17"
"2171","4962","Nagyszekeres","16"
"2172","5931","Nagyszénás","3"
"2173","9072","Nagyszentjános","8"
"2174","7097","Nagyszokoly","17"
"2175","3398","Nagytálya","10"
"2176","2142","Nagytarcsa","14"
"2177","8562","Nagytevel","19"
"2178","9832","Nagytilaj","18"
"2179","6612","Nagytőke","2"
"2180","7800","Nagytótfalu","6"
"2181","3357","Nagyút","10"
"2182","4812","Nagyvarsány","16"
"2183","7912","Nagyváty","2"
"2184","8291","Nagyvázsony","19"
"2185","7186","Nagyvejke","17"
"2186","8065","Nagyveleg","7"
"2187","2421","Nagyvenyim","7"
"2188","3349","Nagyvisnyó","10"
"2189","7215","Nak","17"
"2190","4552","Napkor","16"
"2191","9797","Nárai","18"
"2192","9793","Narda","18"
"2193","2899","Naszály","12"
"2194","3463","Négyes","4"
"2195","3646","Nekézseny","4"
"2196","8923","Nemesapáti","20"
"2197","3592","Nemesbikk","4"
"2198","9749","Nemesbőd","16"
"2199","4942","Nemesborzova","18"
"2200","8371","Nemesbük","20"
"2201","9739","Nemescsó","18"
"2202","8722","Nemesdéd","15"
"2203","8522","Nemesgörzsöny","19"
"2204","8284","Nemesgulács","19"
"2205","8471","Nemeshany","19"
"2206","8925","Nemeshetés","20"
"2207","7981","Nemeske","2"
"2208","9471","Nemeskér","8"
"2209","9548","Nemeskeresztúr","18"
"2210","8717","Nemeskisfalud","15"
"2211","9542","Nemeskocs","18"
"2212","9775","Nemeskolta","18"
"2213","9663","Nemesládony","18"
"2214","9953","Nemesmedves","18"
"2215","6345","Nemesnádudvar","1"
"2216","8976","Nemesnép","20"
"2217","8856","Nemespátró","20"
"2218","8915","Nemesrádó","20"
"2219","9782","Nemesrempehollós","18"
"2220","8925","Nemessándorháza","20"
"2221","9533","Nemesszalók","19"
"2222","8925","Nemesszentandrás","20"
"2223","8248","Nemesvámos","19"
"2224","8738","Nemesvid","15"
"2225","8311","Nemesvita","19"
"2226","8581","Németbánya","19"
"2227","8918","Németfalu","20"
"2228","7039","Németkér","17"
"2229","3152","Nemti","13"
"2230","2544","Neszmély","12"
"2231","2618","Nézsa","13"
"2232","9652","Nick","18"
"2233","8706","Nikla","15"
"2234","2642","Nógrád","13"
"2235","2691","Nógrádkövesd","13"
"2236","2675","Nógrádmarcal","13"
"2237","3132","Nógrádmegyer","13"
"2238","2685","Nógrádsáp","13"
"2239","3179","Nógrádsipek","13"
"2240","3187","Nógrádszakál","13"
"2241","8591","Nóráp","19"
"2242","8456","Noszlop","19"
"2243","3325","Noszvaj","10"
"2244","2610","Nőtincs","20"
"2245","8948","Nova","10"
"2246","3327","Novaj","4"
"2247","3872","Novajidrány","13"
"2248","9096","Nyalka","8"
"2249","8512","Nyárád","19"
"2250","2723","Nyáregyháza","14"
"2251","6032","Nyárlőrinc","1"
"2252","2712","Nyársapát","14"
"2253","3433","Nyékládháza","4"
"2254","2537","Nyergesújfalu","12"
"2255","2536","Nyergesújfalu","12"
"2256","3809","Nyésta","4"
"2257","8612","Nyim","15"
"2258","4264","Nyírábrány","9"
"2259","4262","Nyíracsád","9"
"2260","8454","Nyirád","19"
"2261","4253","Nyíradony","9"
"2262","4252","Nyíradony","9"
"2263","4254","Nyíradony","9"
"2264","4300","Nyírbátor","16"
"2265","4372","Nyírbéltek","16"
"2266","4361","Nyírbogát","16"
"2267","4511","Nyírbogdány","16"
"2268","4356","Nyírcsaholy","16"
"2269","4331","Nyírcsászári","16"
"2270","4332","Nyírderzs","16"
"2271","4405","Nyíregyháza","16"
"2272","4246","Nyíregyháza","16"
"2273","4433","Nyíregyháza","16"
"2274","4412","Nyíregyháza","16"
"2275","4432","Nyíregyháza","16"
"2276","4551","Nyíregyháza","16"
"2277","4431","Nyíregyháza","16"
"2278","4481","Nyíregyháza","16"
"2279","4400","Nyíregyháza","16"
"2280","4362","Nyírgelse","16"
"2281","4311","Nyírgyulaj","16"
"2282","3997","Nyíri","4"
"2283","4535","Nyíribrony","16"
"2284","4541","Nyírjákó","16"
"2285","4544","Nyírkarász","16"
"2286","4333","Nyírkáta","16"
"2287","4537","Nyírkércs","16"
"2288","4632","Nyírlövő","16"
"2289","4371","Nyírlugos","16"
"2290","4564","Nyírmada","16"
"2291","4263","Nyírmártonfalva","9"
"2292","4722","Nyírmeggyes","16"
"2293","4363","Nyírmihálydi","16"
"2294","4822","Nyírparasznya","16"
"2295","4531","Nyírpazony","16"
"2296","4376","Nyírpilis","16"
"2297","4522","Nyírtass","16"
"2298","4461","Nyírtelek","16"
"2299","4554","Nyírtét","16"
"2300","4532","Nyírtura","16"
"2301","4341","Nyírvasvári","16"
"2302","9682","Nyőgér","4"
"2303","3795","Nyomár","18"
"2304","7912","Nyugotszenterzsébet","2"
"2305","9082","Nyúl","8"
"2306","7695","Óbánya","2"
"2307","2063","Óbarok","7"
"2308","8272","Óbudavár","19"
"2309","8292","Öcs","14"
"2310","2364","Ócsa","2"
"2311","7814","Ócsárd","2"
"2312","7143","őcsény","16"
"2313","5451","Öcsöd","6"
"2314","7695","Ófalu","20"
"2315","4558","Ófehértó","3"
"2316","6923","Óföldeák","2"
"2317","8342","Óhid","2"
"2318","5534","Okány","2"
"2319","7957","Okorág","18"
"2320","4755","Ököritófülpös","19"
"2321","7681","Okorvölgy","4"
"2322","7745","Olasz","16"
"2323","9824","Olaszfa","16"
"2324","8414","Olaszfalu","2"
"2325","3933","Olaszliszka","18"
"2326","9621","Ölbő","20"
"2327","4826","Olcsva","4"
"2328","4914","Olcsvaapáti","4"
"2329","7824","Old","16"
"2330","9733","Ólmod","6"
"2331","8886","Oltárc","20"
"2332","4373","Ömböly","15"
"2333","3562","Onga","15"
"2334","3551","Ónod","1"
"2335","4821","Ópályi","18"
"2336","6767","Ópusztaszer","2"
"2337","4336","őr","1"
"2338","8935","Orbányosfa","20"
"2339","2162","őrbottyán","4"
"2340","7400","Orci","3"
"2341","8635","Ordacsehi","3"
"2342","6335","Ordas","3"
"2343","6311","Öregcsertő","3"
"2344","8697","Öreglak","19"
"2345","9982","Orfalu","12"
"2346","7677","Orfő","2"
"2347","6077","Orgovány","20"
"2348","2671","őrhalom","20"
"2349","9933","őrimagyarósd","8"
"2350","9941","őriszentpéter","18"
"2351","2377","Örkény","10"
"2352","8983","Ormándlak","18"
"2353","5222","Örményes","4"
"2354","5556","Örménykút","15"
"2355","3743","Ormosbánya","4"
"2356","5904","Orosháza","4"
"2357","5903","Orosháza","4"
"2358","5905","Orosháza","4"
"2359","5900","Orosháza","4"
"2360","8458","Oroszi","4"
"2361","2840","Oroszlány","4"
"2362","7370","Oroszló","4"
"2363","8744","Orosztony","2"
"2364","8954","Ortaháza","20"
"2365","8854","őrtilos","17"
"2366","8242","Örvényes","19"
"2367","2610","ősagárd","17"
"2368","8161","ősi","11"
"2369","8191","Öskü","16"
"2370","9354","Osli","18"
"2371","9512","Ostffyasszonyfa","16"
"2372","3326","Ostoros","16"
"2373","9825","Oszkó","14"
"2374","3591","Oszlár","1"
"2375","7444","Osztopán","15"
"2376","9153","Öttevény","13"
"2377","6784","Öttömös","18"
"2378","7511","Ötvöskónyi","18"
"2379","3604","Ózd","14"
"2380","3651","Ózd","11"
"2381","3661","Ózd","3"
"2382","3603","Ózd","15"
"2383","3662","Ózd","19"
"2384","3625","Ózd","13"
"2385","3621","Ózd","19"
"2386","3600","Ózd","19"
"2387","7836","Ózdfalu","8"
"2388","8998","Ozmánbük","6"
"2389","7086","Ozora","15"
"2390","3964","Pácin","4"
"2391","8761","Pacsa","20"
"2392","9823","Pácsony","18"
"2393","8935","Padár","20"
"2394","6075","Páhi","1"
"2395","8956","Páka","20"
"2396","8799","Pakod","20"
"2397","8095","Pákozd","7"
"2398","7027","Paks","17"
"2399","7030","Paks","17"
"2400","7370","Palé","2"
"2401","7042","Pálfa","17"
"2402","8990","Pálfiszeg","20"
"2403","3994","Pálháza","4"
"2404","9345","Páli","8"
"2405","7771","Palkonya","2"
"2406","7561","Pálmajor","15"
"2407","6112","Pálmonostora","1"
"2408","7727","Palotabozsok","2"
"2409","3042","Palotás","13"
"2410","8229","Paloznak","19"
"2411","3821","Pamlény","4"
"2412","8698","Pamuk","15"
"2413","2214","Pánd","14"
"2414","9937","Pankasz","18"
"2415","9090","Pannonhalma","8"
"2416","3898","Pányok","4"
"2417","4913","Panyola","16"
"2418","4631","Pap","16"
"2419","8511","Pápa","19"
"2420","8591","Pápa","19"
"2421","8598","Pápa","19"
"2422","8500","Pápa","19"
"2423","8593","Pápadereske","19"
"2424","8596","Pápakovácsi","19"
"2425","8594","Pápasalamon","19"
"2426","8556","Pápateszér","19"
"2427","8183","Papkeszi","19"
"2428","9515","Pápoc","18"
"2429","4338","Papos","16"
"2430","7838","Páprád","2"
"2431","3244","Parád","10"
"2432","3240","Parád","10"
"2433","3242","Parádsasvár","10"
"2434","3777","Parasznya","4"
"2435","4475","Paszab","16"
"2436","3065","Pásztó","13"
"2437","3082","Pásztó","13"
"2438","3060","Pásztó","13"
"2439","9311","Pásztori","8"
"2440","8825","Pat","20"
"2441","2648","Patak","13"
"2442","7463","Patalom","15"
"2443","7923","Patapoklosi","2"
"2444","7477","Patca","15"
"2445","8092","Pátka","7"
"2446","7536","Patosfa","15"
"2447","4523","Pátroha","16"
"2448","2668","Patvarc","13"
"2449","2071","Páty","14"
"2450","4766","Pátyod","16"
"2451","2476","Pázmánd","7"
"2452","9085","Pázmándfalu","8"
"2453","2119","Pécel","14"
"2454","9754","Pecöl","18"
"2455","7693","Pécs","2"
"2456","7691","Pécs","2"
"2457","7600","Pécs","2"
"2458","7621","Pécs","2"
"2459","7622","Pécs","2"
"2460","7623","Pécs","2"
"2461","7624","Pécs","2"
"2462","7625","Pécs","2"
"2463","7626","Pécs","2"
"2464","7627","Pécs","2"
"2465","7628","Pécs","2"
"2466","7629","Pécs","2"
"2467","7630","Pécs","2"
"2468","7631","Pécs","2"
"2469","7632","Pécs","2"
"2470","7633","Pécs","2"
"2471","7634","Pécs","2"
"2472","7635","Pécs","2"
"2473","7636","Pécs","2"
"2474","7951","Pécsbagota","2"
"2475","7766","Pécsdevecser","2"
"2476","8245","Pécsely","19"
"2477","7762","Pécsudvard","2"
"2478","7720","Pécsvárad","2"
"2479","7831","Pellérd","2"
"2480","3381","Pély","10"
"2481","2614","Penc","14"
"2482","4267","Penészlek","16"
"2483","4941","Penyige","19"
"2484","8426","PénzesGyőr","16"
"2485","9099","Pér","8"
"2486","2074","Perbál","14"
"2487","3853","Pere","4"
"2488","3821","Perecse","4"
"2489","7664","Pereked","2"
"2490","9722","Perenye","18"
"2491","9734","Peresznye","18"
"2492","9484","Pereszteg","8"
"2493","2431","Perkáta","7"
"2494","3756","Perkupa","4"
"2495","2637","Perőcsény","14"
"2496","7766","Peterd","2"
"2497","7582","Péterhida","15"
"2498","2209","Péteri","14"
"2499","3250","Pétervására","10"
"2500","8105","Pétfürdő","19"
"2501","8921","Pethőhenye","20"
"2502","4542","Petneháza","16"
"2503","3023","Petőfibánya","10"
"2504","6113","Petőfiszállás","1"
"2505","9443","Petőháza","8"
"2506","9826","Petőmihályfa","18"
"2507","8984","Petrikeresztúr","20"
"2508","8866","Petrivente","20"
"2509","7980","Pettend","2"
"2510","3134","Piliny","13"
"2511","2721","Pilis","14"
"2512","2097","Pilisborosjenő","14"
"2513","2087","Piliscsaba","14"
"2514","2081","Piliscsaba","14"
"2515","2519","Piliscsév","12"
"2516","2080","Pilisjászfalu","14"
"2517","2028","Pilismarót","12"
"2518","2095","Pilisszántó","14"
"2519","2084","Pilisszentiván","14"
"2520","2099","Pilisszentkereszt","14"
"2521","2098","Pilisszentkereszt","14"
"2522","2009","Pilisszentlászló","14"
"2523","2085","Pilisvörösvár","14"
"2524","7084","Pincehely","17"
"2525","9922","Pinkamindszent","18"
"2526","9481","Pinnye","8"
"2527","4375","Piricse","16"
"2528","6414","Pirtó","1"
"2529","7838","Piskó","2"
"2530","6914","Pitvaros","6"
"2531","7756","Pócsa","2"
"2532","4125","Pocsaj","9"
"2533","2017","Pócsmegyer","14"
"2534","4327","Pócspetri","16"
"2535","7666","Pogány","2"
"2536","8728","Pogányszentpéter","15"
"2537","8932","Pókaszepetk","20"
"2538","7458","Polány","15"
"2539","4090","Polgár","9"
"2540","8153","Polgárdi","7"
"2541","8155","Polgárdi","7"
"2542","8154","Polgárdi","7"
"2543","8929","Pölöske","14"
"2544","8773","Pölöskefő","16"
"2545","2013","Pomáz","18"
"2546","7142","Pörböly","10"
"2547","4761","Porcsalma","18"
"2548","8956","Pördefölde","15"
"2549","9796","Pornóapáti","15"
"2550","3388","Poroszló","15"
"2551","9612","Porpác","20"
"2552","8858","Porrog","19"
"2553","8858","Porrogszentkirály","18"
"2554","8858","Porrogszentpál","15"
"2555","8986","Pórszombat","8"
"2556","8429","Porva","20"
"2557","9636","Pósfa","20"
"2558","7977","Potony","17"
"2559","8767","Pötréte","20"
"2560","9324","Potyond","20"
"2561","3925","Prügy","4"
"2562","8291","Pula","19"
"2563","9235","Püski","20"
"2564","2682","Püspökhatvan","13"
"2565","4150","Püspökladány","8"
"2566","9776","Püspökmolnári","18"
"2567","2166","Püspökszilágy","16"
"2568","8986","Pusztaapáti","20"
"2569","2658","Pusztaberki","4"
"2570","9373","Pusztacsalád","3"
"2571","9739","Pusztacsó","17"
"2572","4565","Pusztadobos","15"
"2573","8946","Pusztaederics","20"
"2574","3995","Pusztafalu","6"
"2575","5919","Pusztaföldvár","19"
"2576","7038","Pusztahencse","11"
"2577","8707","Pusztakovácsi","3"
"2578","8895","Pusztamagyaród","4"
"2579","6785","Pusztamérges","7"
"2580","8455","Pusztamiske","15"
"2581","5125","Pusztamonostor","20"
"2582","5665","Pusztaottlaka","6"
"2583","3874","Pusztaradvány","14"
"2584","2490","Pusztaszabolcs","7"
"2585","8619","Pusztaszemes","14"
"2586","8896","Pusztaszentlászló","4"
"2587","6769","Pusztaszer","8"
"2588","2378","Pusztavacs","14"
"2589","8066","Pusztavám","9"
"2590","2039","Pusztazámor","18"
"2591","3630","Putnok","14"
"2592","9313","Rábacsanak","8"
"2593","9136","Rábacsécsény","8"
"2594","9961","Rábagyarmat","18"
"2595","9777","Rábahidvég","18"
"2596","9344","Rábakecöl","8"
"2597","9142","Rábapatona","8"
"2598","9641","Rábapaty","18"
"2599","9146","Rábapordány","8"
"2600","9327","Rábasebes","8"
"2601","9316","Rábaszentandrás","8"
"2602","9135","Rábaszentmihály","8"
"2603","9133","Rábaszentmiklós","8"
"2604","9322","Rábatamási","8"
"2605","9766","Rábatöttös","18"
"2606","9165","Rábcakapi","8"
"2607","2459","Rácalmás","7"
"2608","2465","Ráckeresztúr","7"
"2609","2300","Ráckeve","14"
"2610","2613","Rád","14"
"2611","7817","Rádfalva","2"
"2612","9784","Rádóckölked","18"
"2613","3776","Radostyán","4"
"2614","3724","Ragály","4"
"2615","9224","Rajka","8"
"2616","3825","Rakaca","4"
"2617","3826","Rakacaszend","4"
"2618","4465","Rakamaz","16"
"2619","5085","Rákóczifalva","11"
"2620","5084","Rákócziújfalu","11"
"2621","7464","Ráksi","15"
"2622","8973","Ramocsa","20"
"2623","4536","Ramocsaháza","16"
"2624","4756","Rápolt","16"
"2625","8300","Raposka","19"
"2626","3833","Rásonysápberencs","4"
"2627","3908","Rátka","4"
"2628","9951","Rátót","18"
"2629","9091","Ravazd","8"
"2630","3245","Recsk","10"
"2631","2886","Réde","12"
"2632","8978","Rédics","20"
"2633","3893","Regéc","4"
"2634","7833","Regenye","2"
"2635","7193","Regöly","17"
"2636","6446","Rém","1"
"2637","2094","Remeteszőlős","14"
"2638","3559","Répáshuta","4"
"2639","9653","Répcelak","18"
"2640","9375","Répceszemere","8"
"2641","9623","Répceszentgyörgy","18"
"2642","9475","Répcevis","8"
"2643","8977","Resznek","20"
"2644","9074","Rétalap","8"
"2645","4525","Rétközberencs","16"
"2646","2651","Rétság","13"
"2647","8253","Révfülöp","19"
"2648","3976","Révleányvár","4"
"2649","8373","Rezi","20"
"2650","3974","Ricse","4"
"2651","8348","Rigács","19"
"2652","8883","Rigyác","20"
"2653","3177","Rimóc","13"
"2654","7552","Rinyabesenyő","15"
"2655","7527","Rinyakovácsi","15"
"2656","7513","Rinyaszentkirály","15"
"2657","7556","Rinyaújlak","15"
"2658","7584","Rinyaújnép","15"
"2659","4563","Rohod","16"
"2660","9451","Röjtökmuzsaj","19"
"2661","8434","Románd","13"
"2662","2654","Romhány","2"
"2663","7743","Romonya","2"
"2664","9954","Rönök","16"
"2665","6758","Röszke","10"
"2666","7914","Rózsafa","8"
"2667","4971","Rozsály","18"
"2668","3033","Rózsaszentmárton","6"
"2669","3733","Rudabánya","4"
"2670","3742","Rudolftelep","4"
"2671","9766","Rum","18"
"2672","6786","Ruzsa","6"
"2673","3162","Ságújfalu","13"
"2674","8654","Ságvár","15"
"2675","3792","Sajóbábony","4"
"2676","3793","Sajóecseg","4"
"2677","3636","Sajógalgóc","4"
"2678","3576","Sajóhidvég","4"
"2679","3720","Sajóivánka","4"
"2680","3773","Sajókápolna","4"
"2681","3720","Sajókaza","4"
"2682","3791","Sajókeresztúr","4"
"2683","3572","Sajólád","4"
"2684","3773","Sajólászlófalva","4"
"2685","3656","Sajómercse","4"
"2686","3652","Sajónémeti","4"
"2687","3586","Sajóörös","4"
"2688","3714","Sajópálfala","4"
"2689","3573","Sajópetri","4"
"2690","3653","Sajópüspöki","4"
"2691","3712","Sajósenye","4"
"2692","3770","Sajószentpéter","4"
"2693","3599","Sajószöged","4"
"2694","3712","Sajóvámos","4"
"2695","3656","Sajóvelezd","4"
"2696","9632","Sajtoskál","18"
"2697","8256","Salföld","19"
"2698","3102","Salgótarján","13"
"2699","3109","Salgótarján","13"
"2700","3121","Salgótarján","13"
"2701","3104","Salgótarján","13"
"2702","3141","Salgótarján","13"
"2703","3100","Salgótarján","13"
"2704","9742","Salköveskút","18"
"2705","8995","Salomvár","20"
"2706","3425","Sály","4"
"2707","7841","Sámod","2"
"2708","3074","Sámsonháza","13"
"2709","8824","Sand","20"
"2710","6762","Sándorfalva","6"
"2711","7479","Sántos","15"
"2712","4176","Sáp","9"
"2713","4272","Sáránd","9"
"2714","3942","Sárazsadány","4"
"2715","7018","Sárbogárd","7"
"2716","7019","Sárbogárd","7"
"2717","7003","Sárbogárd","7"
"2718","7000","Sárbogárd","7"
"2719","7014","Sáregres","7"
"2720","9813","Sárfimizdó","18"
"2721","8944","Sárhida","20"
"2722","2523","Sárisáp","12"
"2723","5720","Sarkad","3"
"2724","5731","Sarkadkeresztúr","3"
"2725","8051","Sárkeresztes","7"
"2726","8125","Sárkeresztúr","7"
"2727","8144","Sárkeszi","7"
"2728","8391","Sármellék","20"
"2729","7781","Sárok","2"
"2730","2433","Sárosd","7"
"2731","3952","Sárospatak","4"
"2732","3950","Sárospatak","4"
"2733","7145","Sárpilis","17"
"2734","4171","Sárrétudvari","9"
"2735","9434","Sarród","8"
"2736","9435","Sarród","8"
"2737","8126","Sárszentágota","7"
"2738","7047","Sárszentlőrinc","17"
"2739","8141","Sárszentmihály","7"
"2740","8143","Sárszentmihály","7"
"2741","3386","Sarud","10"
"2742","9609","Sárvár","18"
"2743","9608","Sárvár","18"
"2744","9600","Sárvár","18"
"2745","7370","Sásd","2"
"2746","8308","Sáska","19"
"2747","3659","Sáta","4"
"2748","3944","Sátoraljaújhely","4"
"2749","3945","Sátoraljaújhely","4"
"2750","3988","Sátoraljaújhely","4"
"2751","3980","Sátoraljaújhely","4"
"2752","7785","Sátorhely","2"
"2753","8732","Sávoly","15"
"2754","9789","Sé","18"
"2755","7562","Segesd","15"
"2756","7960","Sellye","2"
"2757","3809","Selyeb","4"
"2758","3974","Semjén","4"
"2759","8862","Semjénháza","20"
"2760","8788","Sénye","20"
"2761","4533","Sényő","16"
"2762","8111","Seregélyes","7"
"2763","3729","Serényfalva","4"
"2764","8660","Sérsekszőlős","15"
"2765","8439","Sikátor","19"
"2766","7818","Siklós","2"
"2767","7800","Siklós","2"
"2768","7814","Siklósbodony","2"
"2769","7823","Siklósnagyfalu","2"
"2770","3881","Sima","4"
"2771","9633","Simaság","18"
"2772","7474","Simonfa","15"
"2773","7081","Simontornya","17"
"2774","7171","Sióagárd","17"
"2775","8611","Siófok","15"
"2776","8609","Siófok","15"
"2777","8600","Siófok","15"
"2778","8652","Siójut","15"
"2779","3332","Sirok","10"
"2780","9671","Sitke","18"
"2781","9315","Sobor","8"
"2782","8897","Söjtör","8"
"2783","9112","Sokorópátka","1"
"2784","6320","Solt","1"
"2785","6223","Soltszentimre","1"
"2786","6230","Soltvadkert","19"
"2787","8193","Sóly","14"
"2788","2083","Solymár","15"
"2789","8655","Som","2"
"2790","7728","Somberek","19"
"2791","8478","Somlójenő","19"
"2792","8483","Somlószőlős","19"
"2793","8481","Somlóvásárhely","19"
"2794","8484","Somlóvecse","15"
"2795","7454","Somodor","15"
"2796","7283","Somogyacsa","2"
"2797","7922","Somogyapáti","15"
"2798","7584","Somogyaracs","15"
"2799","7452","Somogyaszaló","15"
"2800","8684","Somogybabod","15"
"2801","8858","Somogybükkösd","15"
"2802","8726","Somogycsicsó","15"
"2803","7284","Somogydöröcske","15"
"2804","8666","Somogyegres","15"
"2805","8708","Somogyfajsz","15"
"2806","7455","Somogygeszti","2"
"2807","7925","Somogyhárságy","2"
"2808","7921","Somogyhatvan","15"
"2809","7443","Somogyjád","15"
"2810","8673","Somogymeggyes","15"
"2811","8733","Somogysámson","15"
"2812","7435","Somogysárd","15"
"2813","8737","Somogysimonyi","15"
"2814","8705","Somogyszentpál","15"
"2815","7276","Somogyszil","15"
"2816","7563","Somogyszob","15"
"2817","8683","Somogytúr","15"
"2818","7515","Somogyudvarhely","15"
"2819","8699","Somogyvámos","15"
"2820","8698","Somogyvár","2"
"2821","7924","Somogyviszló","15"
"2822","8734","Somogyzsitfa","16"
"2823","4954","Sonkád","7"
"2824","8123","Soponya","8"
"2825","9494","Sopron","8"
"2826","9408","Sopron","8"
"2827","9407","Sopron","8"
"2828","9400","Sopron","8"
"2829","9463","Sopronhorpács","8"
"2830","9483","Sopronkövesd","8"
"2831","9325","Sopronnémeti","18"
"2832","9743","Söpte","18"
"2833","8072","Söréd","20"
"2834","9774","Sorkifalud","18"
"2835","9774","Sorkikápolna","13"
"2836","8881","Sormás","14"
"2837","9773","Sorokpolány","4"
"2838","3131","Sóshartyán","2"
"2839","2038","Sóskút","18"
"2840","3716","Sóstófalva","20"
"2841","7960","Sósvertike","18"
"2842","9681","Sótony","7"
"2843","8096","Sukoró","7"
"2844","6346","Sükösd","2"
"2845","2242","Sülysáp","12"
"2846","2241","Sülysáp","20"
"2847","8330","Sümeg","1"
"2848","8357","Sümegcsehi","14"
"2849","8351","Sümegprága","14"
"2850","7960","Sumony","19"
"2851","2889","Súr","20"
"2852","8856","Surd","19"
"2853","2543","Süttő","12"
"2854","8151","Szabadbattyán","7"
"2855","2432","Szabadegyháza","7"
"2856","8139","Szabadhidvég","7"
"2857","8138","Szabadhidvég","7"
"2858","7253","Szabadi","15"
"2859","5712","Szabadkígyós","3"
"2860","6080","Szabadszállás","1"
"2861","7951","Szabadszentkirály","2"
"2862","7544","Szabás","15"
"2863","4467","Szabolcs","16"
"2864","4547","Szabolcsbáka","16"
"2865","4496","Szabolcsveresmart","16"
"2866","2111","Szada","14"
"2867","7383","Szágy","2"
"2868","7753","Szajk","2"
"2869","3334","Szajla","10"
"2870","5081","Szajol","11"
"2871","3786","Szakácsi","4"
"2872","7071","Szakadát","17"
"2873","3596","Szakáld","4"
"2874","7192","Szakály","17"
"2875","7213","Szakcs","17"
"2876","6336","Szakmár","1"
"2877","9934","Szaknyér","18"
"2878","4234","Szakoly","16"
"2879","9474","Szakony","8"
"2880","9983","Szakonyfalu","18"
"2881","2856","Szákszend","12"
"2882","9942","Szalafő","18"
"2883","7811","Szalánta","2"
"2884","8341","Szalapa","20"
"2885","3863","Szalaszend","4"
"2886","7334","Szalatnak","2"
"2887","7121","Szálka","17"
"2888","6086","Szalkszentmárton","1"
"2889","3163","Szalmatercs","13"
"2890","3754","Szalonna","4"
"2891","4767","Szamosangyalos","16"
"2892","4745","Szamosbecs","16"
"2893","4721","Szamoskér","16"
"2894","4735","Szamossályi","16"
"2895","4824","Szamosszeg","16"
"2896","4746","Szamostatárfalva","16"
"2897","4734","Szamosújlak","16"
"2898","2697","Szanda","13"
"2899","6131","Szank","1"
"2900","8622","Szántód","15"
"2901","9317","Szany","8"
"2902","8423","Szápár","19"
"2903","7843","Szaporca","2"
"2904","2066","Szár","7"
"2905","7184","Szárász","2"
"2906","7063","Szárazd","17"
"2907","9353","Szárföld","8"
"2908","2067","Szárliget","12"
"2909","5540","Szarvas","3"
"2910","3051","Szarvasgede","13"
"2911","9913","Szarvaskend","18"
"2912","5053","Szászberek","11"
"2913","3821","Szászfa","4"
"2914","7349","Szászvár","2"
"2915","4945","Szatmárcseke","16"
"2916","2656","Szátok","13"
"2917","9938","Szatta","18"
"2918","6763","Szatymaz","6"
"2919","7813","Szava","2"
"2920","2440","Százhalombatta","14"
"2921","7725","Szebény","2"
"2922","2692","Szécsénke","13"
"2923","3170","Szécsény","13"
"2924","3135","Szécsényfelfalu","13"
"2925","8879","Szécsisziget","20"
"2926","7751","Szederkény","2"
"2927","7056","Szedres","17"
"2928","6757","Szeged","6"
"2929","6791","Szeged","6"
"2930","6710","Szeged","6"
"2931","6771","Szeged","6"
"2932","6753","Szeged","6"
"2933","6700","Szeged","6"
"2934","6720","Szeged","6"
"2935","6721","Szeged","6"
"2936","6722","Szeged","6"
"2937","6723","Szeged","6"
"2938","6724","Szeged","6"
"2939","6725","Szeged","6"
"2940","6726","Szeged","6"
"2941","6727","Szeged","6"
"2942","6728","Szeged","6"
"2943","6729","Szeged","6"
"2944","8732","Szegerdő","15"
"2945","5520","Szeghalom","3"
"2946","3918","Szegi","4"
"2947","3918","Szegilong","4"
"2948","6635","Szegvár","6"
"2949","4534","Székely","16"
"2950","7737","Székelyszabar","2"
"2951","8019","Székesfehérvár","7"
"2952","8000","Székesfehérvár","7"
"2953","6821","Székkutas","6"
"2954","7100","Szekszárd","17"
"2955","9622","Szeleste","18"
"2956","5476","Szelevény","11"
"2957","7661","Szellő","2"
"2958","7763","Szemely","2"
"2959","9685","Szemenye","18"
"2960","3866","Szemere","4"
"2961","2640","Szendehely","13"
"2962","3752","Szendrő","4"
"2963","3751","Szendrőlád","4"
"2964","7477","Szenna","15"
"2965","8849","Szenta","15"
"2966","8272","Szentantalfa","19"
"2967","7472","Szentbalázs","15"
"2968","8281","Szentbékkálla","19"
"2969","7918","Szentborbás","15"
"2970","7913","Szentdénes","2"
"2971","3259","Szentdomonkos","10"
"2972","2655","Szente","13"
"2973","7915","Szentegát","2"
"2974","2000","Szentendre","14"
"2975","6600","Szentes","6"
"2976","8444","Szentgál","19"
"2977","7465","Szentgáloskér","15"
"2978","9981","Szentgotthárd","18"
"2979","9955","Szentgotthárd","18"
"2980","9970","Szentgotthárd","18"
"2981","8393","Szentgyörgyvár","20"
"2982","8975","Szentgyörgyvölgy","20"
"2983","8475","Szentimrefalva","19"
"2984","3418","Szentistván","4"
"2985","3844","Szentistvánbaksa","4"
"2986","8272","Szentjakabfa","19"
"2987","7681","Szentkatalin","2"
"2988","6031","Szentkirály","1"
"2989","8225","Szentkirályszabadja","19"
"2990","8947","Szentkozmadombja","20"
"2991","7936","Szentlászló","2"
"2992","8893","Szentliszló","20"
"2993","7940","Szentlőrinc","2"
"2994","2255","Szentlőrinckáta","14"
"2995","8872","Szentmargitfalva","20"
"2996","2254","Szentmártonkáta","14"
"2997","9799","Szentpéterfa","18"
"2998","8953","Szentpéterfölde","20"
"2999","4121","Szentpéterszeg","9"
"3000","8762","Szentpéterúr","20"
"3001","8717","Szenyér","15"
"3002","8861","Szepetnek","20"
"3003","9125","Szerecseny","8"
"3004","6512","Szeremle","1"
"3005","3900","Szerencs","4"
"3006","4162","Szerep","9"
"3007","4163","Szerep","9"
"3008","9523","Szergény","18"
"3009","2321","Szigetbecse","14"
"3010","2317","Szigetcsép","14"
"3011","2315","Szigethalom","14"
"3012","2015","Szigetmonostor","14"
"3013","2318","Szigetszentmárton","14"
"3014","2310","Szigetszentmiklós","14"
"3015","2319","Szigetújfalu","14"
"3016","7900","Szigetvár","2"
"3017","8264","Szigliget","19"
"3018","3377","Szihalom","10"
"3019","8969","Szijártóháza","20"
"3020","3800","Szikszó","4"
"3021","9326","Szil","8"
"3022","7664","Szilágy","2"
"3023","3125","Szilaspogony","13"
"3024","9312","Szilsárkány","8"
"3025","8986","Szilvágy","20"
"3026","7811","Szilvás","2"
"3027","7477","Szilvásszentmárton","10"
"3028","3348","Szilvásvárad","15"
"3029","3761","Szin","4"
"3030","3761","Szinpetri","4"
"3031","3044","Szirák","13"
"3032","3711","Szirmabesenyő","4"
"3033","2628","Szob","14"
"3034","8452","Szőc","14"
"3035","9935","Szőce","15"
"3036","2134","Sződ","11"
"3037","2133","Sződliget","11"
"3038","3762","Szögliget","18"
"3039","7833","Szőke","18"
"3040","7763","Szőkéd","18"
"3041","8736","Szőkedencs","12"
"3042","2624","Szokolya","4"
"3043","8625","Szólád","12"
"3044","5008","Szolnok","15"
"3045","5000","Szolnok","19"
"3046","3757","Szőlősardó","18"
"3047","8692","Szőlősgyörök","14"
"3048","9707","Szombathely","14"
"3049","9719","Szombathely","4"
"3050","9700","Szombathely","2"
"3051","2896","Szomód","2"
"3052","3411","Szomolya","15"
"3053","2822","Szomor","4"
"3054","7976","Szörény","15"
"3055","7285","Szorosad","2"
"3056","3341","Szúcs","10"
"3057","3034","Szőcsi","13"
"3058","2699","Szügy","4"
"3059","3154","Szuha","4"
"3060","3726","Szuhafő","4"
"3061","3731","Szuhakálló","2"
"3062","3734","Szuhogy","15"
"3063","7932","Szulimán","13"
"3064","7539","Szulok","10"
"3065","7735","Szőr","13"
"3066","3064","Szurdokpüspöki","2"
"3067","8660","Tab","15"
"3068","8088","Tabajd","7"
"3069","6224","Tabdi","1"
"3070","2381","Táborfalva","14"
"3071","8121","Tác","7"
"3072","8272","Tagyon","19"
"3073","2022","Tahitótfalu","14"
"3074","2021","Tahitótfalu","14"
"3075","8541","Takácsi","19"
"3076","4845","Tákos","16"
"3077","2335","Taksony","14"
"3078","3926","Taktabáj","4"
"3079","3922","Taktaharkány","4"
"3080","3924","Taktakenéz","4"
"3081","3921","Taktaszada","4"
"3082","8295","Taliándörögd","19"
"3083","3907","Tállya","4"
"3084","7091","Tamási","17"
"3085","7090","Tamási","17"
"3086","9762","Tanakajd","18"
"3087","9095","Táp","8"
"3088","2764","Tápióbicske","14"
"3089","2767","Tápiógyörgye","14"
"3090","2253","Tápióság","14"
"3091","2251","Tápiószecső","14"
"3092","2766","Tápiószele","14"
"3093","2711","Tápiószentmárton","14"
"3094","2769","Tápiószőlős","14"
"3095","9761","Táplánszentkereszt","18"
"3096","8297","Tapolca","19"
"3097","8300","Tapolca","19"
"3098","8718","Tapsony","15"
"3099","9094","Tápszentmiklós","8"
"3100","3073","Tar","13"
"3101","7514","Tarany","15"
"3102","3915","Tarcal","4"
"3103","3416","Tard","4"
"3104","3644","Tardona","4"
"3105","2834","Tardos","12"
"3106","5641","Tarhos","3"
"3107","2831","Tarján","12"
"3108","9092","Tarjánpuszta","8"
"3109","2945","Tárkány","12"
"3110","3369","Tarnabod","10"
"3111","3258","Tarnalelesz","10"
"3112","3284","Tarnaméra","10"
"3113","3294","Tarnaörs","10"
"3114","3331","Tarnaszentmária","10"
"3115","3382","Tarnaszentmiklós","10"
"3116","3283","Tarnazsadány","10"
"3117","2461","Tárnok","14"
"3118","9165","Tárnokréti","8"
"3119","4931","Tarpa","16"
"3120","7362","Tarrós","2"
"3121","8696","Táska","15"
"3122","6098","Tass","1"
"3123","7261","Taszár","15"
"3124","2534","Tát","12"
"3125","2835","Tata","12"
"3126","2890","Tata","12"
"3127","2800","Tatabánya","12"
"3128","6451","Tataháza","1"
"3129","2375","Tatárszentgyörgy","14"
"3130","6236","Tázlár","1"
"3131","4243","Téglás","9"
"3132","7381","Tékes","2"
"3133","7973","Teklafalu","2"
"3134","9812","Telekes","18"
"3135","5675","Telekgerendás","3"
"3136","8626","Teleki","15"
"3137","2089","Telki","14"
"3138","3896","Telkibánya","4"
"3139","7054","Tengelic","17"
"3140","7834","Tengeri","2"
"3141","8668","Tengőd","15"
"3142","3359","Tenk","10"
"3143","9111","Tényő","8"
"3144","4132","Tépe","9"
"3145","4342","Terem","16"
"3146","2696","Terény","13"
"3147","2652","Tereske","13"
"3148","3757","Teresztenye","4"
"3149","3334","Terpes","10"
"3150","8109","Tés","19"
"3151","2635","Tésa","14"
"3152","7843","Tésenfa","2"
"3153","7834","Téseny","2"
"3154","8991","Teskánd","20"
"3155","9100","Tét","8"
"3156","4184","Tetétlen","9"
"3157","7181","Tevel","17"
"3158","3423","Tibolddaróc","4"
"3159","4353","Tiborszállás","16"
"3160","8237","Tihany","19"
"3161","8731","Tikos","15"
"3162","8782","Tilaj","20"
"3163","4466","Timár","16"
"3164","2086","Tinnye","14"
"3165","4833","Tiszaadony","16"
"3166","6066","Tiszaalpár","1"
"3167","6067","Tiszaalpár","1"
"3168","3465","Tiszabábolna","4"
"3169","4951","Tiszabecs","16"
"3170","4474","Tiszabercel","16"
"3171","4624","Tiszabezdéd","16"
"3172","5232","Tiszabő","11"
"3173","5235","Tiszabura","11"
"3174","4947","Tiszacsécse","16"
"3175","4066","Tiszacsege","9"
"3176","3972","Tiszacsermely","4"
"3177","4455","Tiszadada","16"
"3178","5243","Tiszaderzs","11"
"3179","4456","Tiszadob","16"
"3180","3466","Tiszadorogma","4"
"3181","4446","Tiszaeszlár","16"
"3182","4464","Tiszaeszlár","16"
"3183","5461","Tiszaföldvár","11"
"3184","5430","Tiszaföldvár","11"
"3185","5359","Tiszafüred","11"
"3186","5358","Tiszafüred","11"
"3187","5244","Tiszafüred","11"
"3188","5350","Tiszafüred","11"
"3189","5233","Tiszagyenda","11"
"3190","4097","Tiszagyulaháza","9"
"3191","5361","Tiszaigar","11"
"3192","5464","Tiszainoka","11"
"3193","5094","Tiszajenő","11"
"3194","4493","Tiszakanyár","16"
"3195","3971","Tiszakarád","4"
"3196","6062","Tiszakécske","1"
"3197","6060","Tiszakécske","1"
"3198","4834","Tiszakerecseny","16"
"3199","3458","Tiszakeszi","4"
"3200","4946","Tiszakóród","16"
"3201","5472","Tiszakürt","11"
"3202","5471","Tiszakürt","11"
"3203","3929","Tiszaladány","4"
"3204","4447","Tiszalök","16"
"3205","4450","Tiszalök","16"
"3206","3565","Tiszalúc","4"
"3207","4645","Tiszamogyorós","16"
"3208","4463","Tiszanagyfalu","16"
"3209","3385","Tiszanána","10"
"3210","5362","Tiszaörs","11"
"3211","3587","Tiszapalkonya","4"
"3212","5211","Tiszapüspöki","11"
"3213","4503","Tiszarád","16"
"3214","5234","Tiszaroff","11"
"3215","5474","Tiszasas","11"
"3216","5061","Tiszasüly","11"
"3217","4831","Tiszaszalka","16"
"3218","5323","Tiszaszentimre","11"
"3219","5322","Tiszaszentimre","11"
"3220","4628","Tiszaszentmárton","16"
"3221","6756","Tiszasziget","6"
"3222","3928","Tiszatardos","4"
"3223","3589","Tiszatarján","4"
"3224","4486","Tiszatelek","16"
"3225","4487","Tiszatelek","16"
"3226","5082","Tiszatenyő","11"
"3227","6064","Tiszaug","1"
"3228","3580","Tiszaújváros","4"
"3229","3464","Tiszavalk","4"
"3230","5095","Tiszavárkony","11"
"3231","5092","Tiszavárkony","11"
"3232","4440","Tiszavasvári","16"
"3233","4832","Tiszavid","16"
"3234","4969","Tisztaberek","16"
"3235","4921","Tivadar","16"
"3236","2252","Tóalmás","14"
"3237","3354","Tófalu","10"
"3238","8946","Tófej","20"
"3239","7348","Tófő","2"
"3240","2073","Tök","4"
"3241","3910","Tokaj","12"
"3242","2531","Tokod","12"
"3243","2532","Tokodaltáró","18"
"3244","2316","Tököl","4"
"3245","9561","Tokorcs","9"
"3246","3934","Tolcsva","13"
"3247","4117","Told","17"
"3248","2657","Tolmács","17"
"3249","7131","Tolna","17"
"3250","7130","Tolna","11"
"3251","7083","Tolnanémedi","4"
"3252","9086","Töltéstava","1"
"3253","5324","Tomajmonostora","18"
"3254","3787","Tomor","7"
"3255","9738","Tömörd","20"
"3256","6646","Tömörkény","2"
"3257","6422","Tompa","18"
"3258","9662","Tompaládony","4"
"3259","2463","Tordas","4"
"3260","8876","Tormafölde","4"
"3261","7383","Tormás","4"
"3262","9736","Tormásliget","4"
"3263","3765","Tornabarakony","20"
"3264","3761","Tornakápolna","4"
"3265","3767","Tornanádaska","16"
"3266","3765","Tornaszentandrás","18"
"3267","3769","Tornaszentjakab","15"
"3268","8877","Tornyiszentmiklós","11"
"3269","3877","Tornyosnémeti","3"
"3270","4642","Tornyospálca","2"
"3271","2045","Törökbálint","20"
"3272","7285","Törökkoppány","20"
"3273","5212","Törökszentmiklós","15"
"3274","5200","Törökszentmiklós","19"
"3275","9791","Torony","14"
"3276","2747","Törtel","14"
"3277","8660","Torvaj","8"
"3278","5091","Tószeg","18"
"3279","5940","Tótkomlós","6"
"3280","7981","Tótszentgyörgy","14"
"3281","8865","Tótszentmárton","15"
"3282","8864","Tótszerdahely","11"
"3283","7755","Töttös","11"
"3284","7918","Tótújfalu","14"
"3285","8246","Tótvázsony","2"
"3286","3724","Trizs","4"
"3287","4731","Tunyogmatolcs","16"
"3288","2194","Tura","14"
"3289","4944","Túristvándi","16"
"3290","8796","Türje","11"
"3291","5420","Túrkeve","2"
"3292","7811","Túrony","16"
"3293","4968","Túrricse","16"
"3294","8477","Tüskevár","20"
"3295","4623","Tuzsér","19"
"3296","4762","Tyukod","16"
"3297","7718","Udvar","2"
"3298","7066","Udvari","17"
"3299","8564","Ugod","19"
"3300","2066","Újbarok","7"
"3301","3716","Újcsanálos","4"
"3302","4491","Újdombrád","16"
"3303","4244","Újfehértó","16"
"3304","2367","Újhartyán","14"
"3305","4146","Újiráz","9"
"3306","7095","Újireg","17"
"3307","4635","Újkenéz","16"
"3308","9472","Újkér","8"
"3309","5661","Újkígyós","3"
"3310","2724","Újlengyel","14"
"3311","4288","Újléta","9"
"3312","3387","Újlőrincfalva","10"
"3313","7766","Újpetre","2"
"3314","9244","Újrónafő","8"
"3315","6320","Újsolt","1"
"3316","5727","Újszalonta","3"
"3317","5052","Újszász","11"
"3318","6754","Újszentiván","6"
"3319","4065","Újszentmargita","9"
"3320","2768","Újszilvás","14"
"3321","6337","Újtelek","1"
"3322","4096","Újtikos","9"
"3323","8778","Újudvar","20"
"3324","7436","Újvárfalva","15"
"3325","8347","Ukk","19"
"3326","6794","Üllés","8"
"3327","2225","Üllő","12"
"3328","9464","Und","4"
"3329","2528","Úny","16"
"3330","3622","Uppony","18"
"3331","4763","Ura","7"
"3332","9651","Uraiújfalu","14"
"3333","8142","Úrhida","19"
"3334","2244","Úri","16"
"3335","8409","Úrkút","1"
"3336","2096","Üröm","19"
"3337","4952","Uszka","6"
"3338","6332","Uszód","14"
"3339","8321","Uzsa","14"
"3340","2600","Vác","14"
"3341","2167","Vácduka","14"
"3342","2184","Vácegres","14"
"3343","2164","Váchartyán","14"
"3344","2185","Váckisújfalu","14"
"3345","2163","Vácrátót","14"
"3346","2115","Vácszentlászló","14"
"3347","3636","Vadna","4"
"3348","9346","Vadosfa","8"
"3349","9327","Vág","8"
"3350","3992","Vágáshuta","4"
"3351","4562","Vaja","16"
"3352","3961","Vajdácska","4"
"3353","7838","Vajszló","2"
"3354","7041","Vajta","7"
"3355","2473","Vál","7"
"3356","2114","Valkó","14"
"3357","8885","Valkonya","20"
"3358","4351","Vállaj","16"
"3359","8316","Vállus","20"
"3360","4936","Vámosatya","16"
"3361","9665","Vámoscsalád","18"
"3362","3291","Vámosgyörk","10"
"3363","2635","Vámosmikola","14"
"3364","4966","Vámosoroszi","16"
"3365","4287","Vámospércs","9"
"3366","9061","Vámosszabadi","4"
"3367","3941","Vámosújfalu","8"
"3368","4119","Váncsod","9"
"3369","2688","Vanyarc","13"
"3370","8552","Vanyola","19"
"3371","7973","Várad","2"
"3372","7354","Váralja","17"
"3373","8723","Varászló","15"
"3374","3254","Váraszó","10"
"3375","9243","Várbalog","8"
"3376","3778","Varbó","4"
"3377","3756","Varbóc","4"
"3378","7442","Várda","15"
"3379","7146","Várdomb","17"
"3380","8891","Várfölde","20"
"3381","7370","Varga","2"
"3382","2824","Várgesztes","12"
"3383","8523","Várkesző","19"
"3384","7214","Várong","17"
"3385","6033","Városföld","1"
"3386","8445","Városlőd","19"
"3387","8103","Várpalota","19"
"3388","8104","Várpalota","19"
"3389","8100","Várpalota","19"
"3390","7067","Varsád","17"
"3391","3178","Varsány","13"
"3392","8316","Várvölgy","20"
"3393","2211","Vasad","14"
"3394","9921","Vasalja","18"
"3395","7926","Vásárosbéc","2"
"3396","7362","Vásárosdombó","2"
"3397","9343","Vásárosfalu","8"
"3398","9552","Vásárosmiske","18"
"3399","4803","Vásárosnamény","16"
"3400","4804","Vásárosnamény","16"
"3401","4800","Vásárosnamény","16"
"3402","9744","Vasasszonyfa","18"
"3403","8914","Vasboldogasszony","20"
"3404","9661","Vasegerszeg","18"
"3405","9674","Vashosszúfalu","18"
"3406","9795","Vaskeresztes","18"
"3407","6521","Vaskút","1"
"3408","4502","Vasmegyer","16"
"3409","8998","Vaspör","20"
"3410","9741","Vassurány","18"
"3411","8245","Vászoly","19"
"3412","9763","Vasszécseny","18"
"3413","9953","Vasszentmihály","18"
"3414","9747","Vasszilvágy","18"
"3415","9800","Vasvár","18"
"3416","8542","Vaszar","19"
"3417","9748","Vát","18"
"3418","3431","Vatta","4"
"3419","7370","Vázsnok","2"
"3420","3265","Vécs","10"
"3421","2220","Vecsés","14"
"3422","5811","Végegyháza","3"
"3423","7838","Vejti","2"
"3424","7333","Vékény","2"
"3425","4143","Vekerd","9"
"3426","9726","Velem","18"
"3427","9946","Velemér","18"
"3428","2481","Velence","7"
"3429","7951","Velény","2"
"3430","7726","Véménd","2"
"3431","9062","Vének","8"
"3432","9751","Vép","18"
"3433","2477","Vereb","7"
"3434","2112","Veresegyház","14"
"3435","2621","Verőce","14"
"3436","3351","Verpelét","10"
"3437","2174","Verseg","14"
"3438","7752","Versend","2"
"3439","8089","Vértesacsa","7"
"3440","8085","Vértesboglár","7"
"3441","2859","Vérteskethely","12"
"3442","2823","Vértessomló","12"
"3443","2833","Vértestolna","12"
"3444","2837","Vértesszőlős","12"
"3445","8721","Vése","15"
"3446","9352","Veszkény","8"
"3447","8412","Veszprém","19"
"3448","8411","Veszprém","19"
"3449","8200","Veszprém","19"
"3450","8248","Veszprémfajsz","19"
"3451","8475","Veszprémgalsa","19"
"3452","8438","Veszprémvarsány","19"
"3453","5530","Vésztő","3"
"3454","5093","Vezseny","11"
"3455","8484","Vid","19"
"3456","8294","Vigántpetend","19"
"3457","7773","Villány","2"
"3458","7772","Villánykövesd","2"
"3459","3891","Vilmány","4"
"3460","8194","Vilonya","19"
"3461","3991","Vilyvitány","4"
"3462","9535","Vinár","19"
"3463","8354","Vindornyafok","20"
"3464","8353","Vindornyalak","20"
"3465","8355","Vindornyaszőlős","20"
"3466","2026","Visegrád","14"
"3467","2025","Visegrád","14"
"3468","7533","Visnye","15"
"3469","3272","Visonta","10"
"3470","3271","Visonta","10"
"3471","3956","Viss","4"
"3472","8681","Visz","15"
"3473","9932","Viszák","18"
"3474","3825","Viszló","4"
"3475","3293","Visznek","10"
"3476","9371","Vitnyéd","8"
"3477","7588","Vízvár","15"
"3478","3128","Vizslás","13"
"3479","3888","Vizsoly","4"
"3480","7768","Vokány","2"
"3481","8314","Vonyarcvashegy","20"
"3482","8931","Vöckönd","20"
"3483","9462","Völcsej","8"
"3484","9516","Vönöck","18"
"3485","8291","Vöröstó","19"
"3486","8711","Vörs","15"
"3487","3124","Zabar","13"
"3488","7976","Zádor","2"
"3489","3726","Zádorfalva","4"
"3490","5051","Zagyvarékas","11"
"3491","3031","Zagyvaszántó","10"
"3492","4625","Záhony","16"
"3493","8868","Zajk","20"
"3494","4974","Zajta","16"
"3495","8853","Zákány","15"
"3496","6787","Zákányszék","6"
"3497","8660","Zala","15"
"3498","8741","Zalaapáti","20"
"3499","8971","Zalabaksa","20"
"3500","8798","Zalabér","20"
"3501","8992","Zalaboldogfa","20"
"3502","8782","Zalacsány","20"
"3503","8996","Zalacséb","20"
"3504","8900","Zalaegerszeg","20"
"3505","8344","Zalaerdőd","19"
"3506","8349","Zalagyömörő","19"
"3507","8308","Zalahaláp","19"
"3508","8997","Zalaháshágy","20"
"3509","8761","Zalaigrice","20"
"3510","8932","Zalaistvánd","20"
"3511","8749","Zalakaros","20"
"3512","8751","Zalakomár","20"
"3513","8752","Zalakomár","20"
"3514","8354","Zalaköveskút","20"
"3515","8999","Zalalövő","20"
"3516","8348","Zalameggyes","19"
"3517","8747","Zalamerenye","20"
"3518","8756","Zalasárszeg","20"
"3519","8743","Zalaszabar","20"
"3520","8353","Zalaszántó","20"
"3521","8476","Zalaszegvár","19"
"3522","8772","Zalaszentbalázs","20"
"3523","8795","Zalaszentgrót","20"
"3524","8793","Zalaszentgrót","20"
"3525","8785","Zalaszentgrót","20"
"3526","8789","Zalaszentgrót","20"
"3527","8790","Zalaszentgrót","20"
"3528","8994","Zalaszentgyörgy","20"
"3529","8921","Zalaszentiván","20"
"3530","8827","Zalaszentjakab","20"
"3531","8788","Zalaszentlászló","20"
"3532","8921","Zalaszentlőrinc","20"
"3533","8764","Zalaszentmárton","20"
"3534","8936","Zalaszentmihály","20"
"3535","8969","Zalaszombatfa","20"
"3536","7839","Zaláta","2"
"3537","8947","Zalatárnok","20"
"3538","8822","Zalaújlak","20"
"3539","8392","Zalavár","20"
"3540","8792","Zalavég","20"
"3541","3957","Zalkod","4"
"3542","8621","Zamárdi","15"
"3543","8081","Zámoly","7"
"3544","8251","Zánka","19"
"3545","3296","Zaránk","10"
"3546","7182","Závod","17"
"3547","8957","Zebecke","20"
"3548","2627","Zebegény","14"
"3549","3977","Zemplénagárd","4"
"3550","7720","Zengővárkony","2"
"3551","8112","Zichyújfalu","7"
"3552","8672","Zics","15"
"3553","3794","Ziliz","4"
"3554","7471","Zimány","15"
"3555","8420","Zirc","19"
"3556","7671","Zók","2"
"3557","7173","Zomba","17"
"3558","5537","Zsadány","3"
"3559","4142","Zsáka","9"
"3560","2072","Zsámbék","14"
"3561","2116","Zsámbok","14"
"3562","6411","Zsana","1"
"3563","4961","Zsarolyán","16"
"3564","9346","Zsebeháza","8"
"3565","9635","Zsédeny","18"
"3566","7477","Zselickisfalud","15"
"3567","7400","Zselickislak","15"
"3568","7474","Zselicszentpál","15"
"3569","9766","Zsennye","18"
"3570","9476","Zsira","8"
"3571","6792","Zsombó","6"
"3572","3897","Zsujta","4"
"3573","4627","Zsurk","16"
"3574","3723","Zubogy","4"
